"passenger_id","survived","pclass","name","sex","age","sibsp","parch","t_no","fare","cabin_no","embarked"
"TL-CU-251001",1,"1st","Simon Dull","male",41,3,2,"A31021",35000,"PVT-21","Southampton"
"TL-CU-251002",3,"3rd","Jenesis Mack","Male",43,1,3,"C21544",75818,"GEN-64","Cherbourg"
"TL-CU-251003",5,"2nd","Esteban Phan","Female",30,2,2,"V54124",43258,"PVT-54","Southampton"
"TL-CU-251004",3,"1st","Elsa Oliver","Male",35,2,1,"K26487",44455,"CLS-21","Manchester"
"TL-CU-251005",6,"1st","Karson Bridges","Female",59,1,1,"L12557",44949,"GEN-65","Paris"
"TL-CU-251006",3,"3rd","Elora Houston","Female",32,5,3,"E25418",70743,"PVT-55","London"
"TL-CU-251007",4,"2nd","Sylas Pineda","Male",31,4,3,"R26455",55998,"CLS-22","Queenstown"
"TL-CU-251008",6,"3rd","Nola Doyle","Male",56,2,1,"A65525",77871,"GEN-66","Naples"
"TL-CU-251009",2,"2nd","Kashton Santana","Female",47,4,3,"D25487",33363,"PVT-56","Pula"
"TL-CU-251010",4,"1st","Myra Stafford","Male",35,4,2,"B45875",53028,"CLS-23","Rome"
"TL-CU-251011",2,"1st","Alfredo Waller","Female",42,0,3,"P14785",22783,"GEN-67","Valencia"
"TL-CU-251012",4,"3rd","Whitley Webster","Female",49,1,3,"Y98547",46251,"PVT-57","Qran"
"TL-CU-251013",5,"2nd","Shawn Shepherd","Male",35,5,2,"C21545",34598,"CLS-24","Nador"
"TL-CU-251014",1,"3rd","Katalina Willis","Male",35,1,1,"V54125",75964,"GEN-68","Malaga"
"TL-CU-251015",5,"2nd","Remington Reynolds","Female",34,2,2,"K26488",49026,"PVT-58","Palma"
"TL-CU-251016",5,"1st","Isabelle Reed","Male",36,1,2,"L12558",33022,"CLS-25","Algeris"
"TL-CU-251017",6,"1st","Easton Thompson","Female",30,1,1,"E25419",29056,"GEN-69","Badalona"
"TL-CU-251018",2,"3rd","Madison Rosas","Female",40,4,2,"R26456",51813,"PVT-59","Jijel"
"TL-CU-251019",5,"2nd","Remi Franco","Male",47,2,1,"A65526",59991,"CLS-26","Nice"
"TL-CU-251020",4,"3rd","Charleigh Wong","Male",34,2,1,"D25488",33712,"GEN-70","Annaba"
"TL-CU-251021",6,"2nd","Walter Ochoa","Female",52,5,3,"B45876",24844,"PVT-60","Bizerte"
"TL-CU-251022",1,"1st","Luciana Jennings","Male",42,5,1,"P14786",32404,"CLS-27","Tunis"
"TL-CU-251023",1,"1st","Corbin Chandler","Female",54,5,2,"Y98548",79000,"GEN-71","Sfax"
"TL-CU-251024",1,"3rd","Viviana Payne","Female",35,2,3,"C21546",53714,"PVT-61","Venice"
"TL-CU-251025",5,"2nd","Edward Herman","Male",51,2,3,"V54126",22080,"CLS-28","Zliten"
"TL-CU-251026",1,"3rd","Paulina Patton","Male",49,2,1,"K26489",29313,"GEN-72","Palermo"
"TL-CU-251027",6,"2nd","Moises Hanna","Female",36,0,2,"L12559",24784,"PVT-62","Zawiya"
"TL-CU-251028",6,"1st","Cynthia Vu","Male",39,2,1,"E25420",27030,"CLS-29","Cherbourg"
"TL-CU-251029",6,"1st","Kamdyn Wallace","Female",36,1,1,"R26457",28957,"GEN-73","Southampton"
"TL-CU-251030",1,"3rd","Arianna Salinas","Female",47,4,2,"A65527",32724,"PVT-63","Manchester"
"TL-CU-251031",5,"2nd","Edgar Warren","Male",44,5,1,"D25489",55967,"CLS-30","Paris"
"TL-CU-251032",6,"3rd","Sloane Warner","Male",51,5,2,"B45877",24254,"GEN-74","London"
"TL-CU-251033",6,"2nd","Jaxton Person","Female",37,0,2,"P14787",22541,"PVT-64","Queenstown"
"TL-CU-251034",0,"1st","Dylan Collier","Male",42,5,2,"Y98549",68306,"CLS-31","Naples"
"TL-CU-251035",4,"1st","Edison Woods","Female",32,5,2,"C21547",31144,"GEN-75","Pula"
"TL-CU-251036",2,"3rd","Reese Cuevas","Female",32,1,2,"V54127",30397,"PVT-65","Rome"
"TL-CU-251037",6,"2nd","Brecken Stuart","Male",43,3,1,"K26490",42468,"CLS-32","Valencia"
"TL-CU-251038",5,"3rd","Stormi Webb","Male",56,2,3,"L12560",65328,"GEN-76","Qran"
"TL-CU-251039",6,"2nd","Lorenzo Yu","Female",40,0,3,"E25421",25153,"PVT-66","Nador"
"TL-CU-251040",3,"1st","Navy Walters","Male",34,0,1,"R26458",56265,"CLS-33","Malaga"
"TL-CU-251041",3,"1st","Colson Howard","Female",45,5,2,"A65528",68424,"GEN-77","Palma"
"TL-CU-251042",4,"3rd","Sophie Stein","Female",45,1,1,"D25490",60948,"PVT-67","Algeris"
"TL-CU-251043",0,"2nd","Creed Perkins","Male",52,4,3,"B45878",79970,"CLS-34","Badalona"
"TL-CU-251044",5,"3rd","Sage Stephens","Male",42,3,2,"P14788",58326,"GEN-78","Jijel"
"TL-CU-251045",2,"2nd","Messiah Leon","Female",32,1,2,"Y98550",66486,"PVT-68","Nice"
"TL-CU-251046",5,"1st","Amora Wheeler","Male",36,0,1,"C21548",31489,"CLS-35","Annaba"
"TL-CU-251047",5,"1st","Kenneth Ventura","Female",52,4,3,"V54128",61491,"GEN-79","Bizerte"
"TL-CU-251048",6,"3rd","Zora Tyler","Female",46,5,2,"K26491",23423,"PVT-69","Tunis"
"TL-CU-251049",1,"2nd","Emmitt Mays","Male",53,3,2,"L12561",64376,"CLS-36","Sfax"
"TL-CU-251050",3,"3rd","Denisse Dejesus","Male",37,5,1,"E25422",21811,"GEN-80","Venice"
"TL-CU-251051",0,"2nd","Rio Best","Female",56,2,2,"R26459",56482,"PVT-70","Zliten"
"TL-CU-251052",4,"1st","Lexie Mathews","Male",58,4,2,"A65529",39068,"CLS-37","Palermo"
"TL-CU-251053",0,"1st","Jamir Henson","Female",32,1,2,"D25491",72665,"GEN-81","Zawiya"
"TL-CU-251054",2,"3rd","Kinslee Kirk","Female",57,3,2,"B45879",27069,"PVT-71","Cherbourg"
"TL-CU-251055",2,"2nd","Alessandro Hess","Male",33,2,3,"P14789",48605,"CLS-38","Southampton"
"TL-CU-251056",5,"3rd","Kaliyah Nguyen","Male",58,2,3,"Y98551",50014,"GEN-82","Manchester"
"TL-CU-251057",4,"2nd","Gabriel Curtis","Female",45,4,2,"C21549",27655,"PVT-72","Paris"
"TL-CU-251058",6,"1st","Alexis Myers","Male",42,1,3,"V54129",39410,"CLS-39","London"
"TL-CU-251059",2,"1st","Adam Browning","Female",47,1,2,"K26492",20668,"GEN-83","Queenstown"
"TL-CU-251060",4,"3rd","Princess McCullough","Female",55,0,3,"L12562",41074,"PVT-73","Naples"
"TL-CU-251061",3,"2nd","Briar Howell","Male",45,1,3,"E25423",54187,"CLS-40","Pula"
"TL-CU-251062",0,"3rd","Mckenna Miller","Male",37,0,1,"R26460",59685,"GEN-84","Rome"
"TL-CU-251063",6,"2nd","Benjamin Acosta","Female",55,1,1,"A65530",70869,"PVT-74","Valencia"
"TL-CU-251064",6,"1st","Kaia Berry","Male",30,4,3,"D25492",30441,"CLS-41","Qran"
"TL-CU-251065",4,"1st","Adonis Knight","Female",55,4,1,"B45880",23176,"GEN-85","Nador"
"TL-CU-251066",5,"3rd","Gracie Guerra","Female",54,0,1,"P14790",64366,"PVT-75","Malaga"
"TL-CU-251067",0,"2nd","Leland Sharp","Male",32,3,1,"Y98552",63890,"CLS-42","Palma"
"TL-CU-251068",0,"3rd","Camryn Ortega","Male",56,5,3,"C21550",56433,"GEN-86","Algeris"
"TL-CU-251069",2,"2nd","Kobe Dominguez","Female",41,0,3,"V54130",35161,"PVT-76","Badalona"
"TL-CU-251070",1,"1st","Raegan Wang","Male",52,2,1,"K26493",75473,"CLS-43","Jijel"
"TL-CU-251071",1,"1st","Cohen Brock","Female",41,0,2,"L12563",59660,"GEN-87","Nice"
"TL-CU-251072",2,"3rd","Jada Hayes","Female",43,1,3,"E25424",74000,"PVT-77","Annaba"
"TL-CU-251073",2,"2nd","Legend Sellers","Male",42,1,2,"R26461",67294,"CLS-44","Bizerte"
"TL-CU-251074",6,"3rd","Mercy Church","Male",37,1,2,"A65531",44087,"GEN-88","Tunis"
"TL-CU-251075",1,"2nd","Terrance Harper","Female",49,1,3,"D25493",40793,"PVT-78","Sfax"
"TL-CU-251076",4,"1st","Ana Washington","Male",43,2,1,"B45881",73743,"CLS-45","Venice"
"TL-CU-251077",3,"1st","Juan Hall","Female",52,5,1,"P14791",41886,"GEN-89","Zliten"
"TL-CU-251078",4,"3rd","Leah Moran","Female",49,1,2,"Y98553",34734,"PVT-79","Palermo"
"TL-CU-251079",6,"2nd","Tate Juarez","Male",34,3,2,"C21551",69867,"CLS-46","Zawiya"
"TL-CU-251080",6,"3rd","Juliet Tran","Male",37,3,1,"V54131",66404,"GEN-90","Cherbourg"
"TL-CU-251081",4,"2nd","Braxton Andersen","Female",58,5,2,"K26494",55477,"PVT-80","Southampton"
"TL-CU-251082",2,"1st","Zoie Howell","Male",49,3,2,"L12564",40369,"CLS-47","Manchester"
"TL-CU-251083",2,"1st","Bradley Melton","Female",37,5,1,"E25425",43747,"GEN-91","Paris"
"TL-CU-251084",4,"3rd","Kamiyah Duke","Female",38,5,3,"R26462",43197,"PVT-81","London"
"TL-CU-251085",0,"2nd","Kalel Bennett","Male",51,3,2,"A65532",53653,"CLS-48","Queenstown"
"TL-CU-251086",1,"3rd","Josephine Miranda","Male",46,5,2,"D25494",75177,"GEN-92","Naples"
"TL-CU-251087",0,"2nd","Rory Kirby","Female",33,2,1,"B45882",54231,"PVT-82","Pula"
"TL-CU-251088",1,"1st","Skyla Stark","Male",53,2,3,"P14792",33593,"CLS-49","Rome"
"TL-CU-251089",0,"1st","Kristopher Parra","Female",57,2,2,"Y98554",28840,"GEN-93","Valencia"
"TL-CU-251090",3,"3rd","Dalary Hart","Female",31,1,3,"C21552",70227,"PVT-83","Qran"
"TL-CU-251091",6,"2nd","Joel Carroll","Male",31,3,2,"V54132",39725,"CLS-50","Nador"
"TL-CU-251092",1,"3rd","Zara Lindsey","Male",35,3,3,"K26495",37408,"GEN-94","Malaga"
"TL-CU-251093",0,"2nd","Jayson Ballard","Female",30,3,3,"L12565",43083,"PVT-84","Palma"
"TL-CU-251094",6,"1st","Alejandra Larsen","Male",44,0,2,"E25426",47590,"CLS-51","Algeris"
"TL-CU-251095",3,"1st","Brycen Hall","Female",35,1,3,"R26463",41212,"GEN-95","Badalona"
"TL-CU-251096",2,"3rd","Leah Guerra","Female",47,2,2,"A65533",72242,"PVT-85","Jijel"
"TL-CU-251097",5,"2nd","Leland Taylor","Male",34,0,3,"D25495",42686,"CLS-52","Nice"
"TL-CU-251098",6,"3rd","Sofia McPherson","Male",45,3,2,"B45883",42482,"GEN-96","Annaba"
"TL-CU-251099",5,"2nd","Foster Grimes","Female",49,1,1,"P14793",59997,"PVT-86","Bizerte"
"TL-CU-251100",0,"1st","Braelyn Nicholson","Male",53,3,1,"Y98555",46602,"CLS-53","Tunis"
"TL-CU-251101",6,"1st","Rodrigo Trejo","Female",30,5,1,"C21553",72075,"GEN-97","Sfax"
"TL-CU-251102",2,"3rd","Rosalyn Richards","Female",52,1,1,"V54133",52703,"PVT-87","Venice"
"TL-CU-251103",6,"2nd","Holden Cain","Male",32,4,1,"K26496",73876,"CLS-54","Zliten"
"TL-CU-251104",1,"3rd","Kendra Patterson","Male",42,4,1,"L12566",49130,"GEN-98","Palermo"
"TL-CU-251105",0,"2nd","Amir Sharp","Female",49,1,2,"E25427",62996,"PVT-88","Zawiya"
"TL-CU-251106",3,"1st","Camryn Garcia","Male",58,0,2,"R26464",55889,"CLS-55","Cherbourg"
"TL-CU-251107",5,"1st","James Duffy","Female",42,4,3,"A65534",67562,"GEN-99","Southampton"
"TL-CU-251108",1,"3rd","Addisyn Henry","Female",39,1,3,"D25496",46315,"PVT-89","Manchester"
"TL-CU-251109",5,"2nd","Carlos Dunn","Male",40,3,2,"B45884",25541,"CLS-56","Paris"
"TL-CU-251110",3,"3rd","Olive Zuniga","Male",41,1,2,"P14794",34070,"GEN-100","London"
"TL-CU-251111",2,"2nd","Sincere Mays","Female",44,3,2,"Y98556",76681,"PVT-90","Queenstown"
"TL-CU-251112",3,"1st","Denisse Donovan","Male",53,4,1,"C21554",50057,"CLS-57","Naples"
"TL-CU-251113",6,"1st","Brayan Alfaro","Female",32,5,2,"V54134",37766,"GEN-101","Pula"
"TL-CU-251114",4,"3rd","Yasmin Zhang","Female",56,5,1,"K26497",73428,"PVT-91","Rome"
"TL-CU-251115",4,"2nd","Isaias Nash","Male",49,3,3,"L12567",35012,"CLS-58","Valencia"
"TL-CU-251116",5,"3rd","Novah Douglas","Male",57,3,2,"E25428",60560,"GEN-102","Qran"
"TL-CU-251117",0,"2nd","Derek McKay","Female",43,5,2,"R26465",33738,"PVT-92","Nador"
"TL-CU-251118",1,"1st","Leanna Thomas","Male",57,2,1,"A65535",20413,"CLS-59","Malaga"
"TL-CU-251119",5,"1st","Logan Wise","Female",56,5,2,"D25497",24831,"GEN-103","Palma"
"TL-CU-251120",3,"3rd","Mira Vu","Female",57,1,2,"B45885",36615,"PVT-93","Algeris"
"TL-CU-251121",1,"2nd","Kamdyn Avalos","Male",57,5,1,"P14795",45360,"CLS-60","Badalona"
"TL-CU-251122",6,"3rd","Paloma Cunningham","Male",46,0,2,"Y98557",56940,"GEN-104","Jijel"
"TL-CU-251123",5,"2nd","Alejandro Townsend","Female",51,2,1,"C21555",47362,"PVT-94","Nice"
"TL-CU-251124",6,"1st","Azalea Dickerson","Male",55,1,2,"V54135",71996,"CLS-61","Annaba"
"TL-CU-251125",5,"1st","Flynn Carey","Female",31,2,2,"K26498",64827,"GEN-105","Bizerte"
"TL-CU-251126",3,"3rd","Alora Hensley","Female",35,0,3,"L12568",72446,"PVT-95","Tunis"
"TL-CU-251127",5,"2nd","Layne Summers","Male",51,0,2,"E25429",49437,"CLS-62","Sfax"
"CL-VS-310250",0,"3rd","Frankie Mosley","Male",34,1,1,"R26466",24026,"GEN-106","Venice"
"CL-VS-310251",3,"2nd","Rayden Blake","Female",38,0,1,"A65536",59355,"PVT-96","Zliten"
"CL-VS-310252",6,"1st","Amanda Garner","Male",47,4,2,"D25498",31210,"CLS-63","Palermo"
"CL-VS-310253",4,"1st","Sage McIntosh","Female",49,4,3,"B45886",53116,"GEN-107","Zawiya"
"CL-VS-310254",1,"3rd","Gwen Wilkins","Female",46,2,1,"P14796",36891,"PVT-97","Cherbourg"
"CL-VS-310255",3,"2nd","Yusuf Chandler","Male",52,0,3,"Y98558",32717,"CLS-64","Southampton"
"CL-VS-310256",4,"3rd","Viviana Rasmussen","Male",52,3,1,"C21556",56850,"GEN-108","Manchester"
"CL-VS-310257",5,"2nd","Will Mendez","Female",39,3,2,"V54136",32427,"PVT-98","Paris"
"CL-VS-310258",5,"1st","Londyn Ashley","Male",59,3,2,"K26499",55300,"CLS-65","London"
"CL-VS-310259",3,"1st","Kylen Farrell","Female",49,2,3,"L12569",25942,"GEN-109","Queenstown"
"CL-VS-310260",2,"3rd","Kassidy Fields","Female",55,5,1,"E25430",56834,"PVT-99","Naples"
"CL-VS-310261",0,"2nd","Clayton Short","Male",58,5,2,"R26467",78728,"CLS-66","Pula"
"CL-VS-310262",6,"3rd","Cheyenne Felix","Male",31,2,1,"A65537",68613,"GEN-110","Rome"
"CL-VS-310263",1,"2nd","Rodney Nash","Female",44,1,3,"D25499",60825,"PVT-100","Valencia"
"CL-VS-310264",6,"1st","Novah Leach","Male",37,1,3,"B45887",77382,"CLS-67","Qran"
"CL-VS-310265",1,"1st","Westin Hanson","Female",33,3,1,"P14797",64814,"GEN-111","Nador"
"CL-VS-310266",0,"3rd","Mariana Moody","Female",36,2,3,"Y98559",71274,"PVT-101","Malaga"
"CL-VS-310267",6,"2nd","Ryland Jenkins","Male",42,5,1,"C21557",51403,"CLS-68","Palma"
"CL-VS-310268",0,"3rd","Rylee Reid","Male",50,1,2,"V54137",63311,"GEN-112","Algeris"
"CL-VS-310269",6,"2nd","Josue Gilbert","Female",49,1,2,"K26500",33798,"PVT-102","Badalona"
"CL-VS-310270",1,"1st","Jocelyn Sosa","Male",41,5,1,"L12570",33193,"CLS-69","Jijel"
"CL-VS-310271",1,"1st","Emir Mason","Female",30,4,2,"E25431",42293,"GEN-113","Nice"
"CL-VS-310272",3,"3rd","Sienna Powell","Female",37,1,2,"R26468",58748,"PVT-103","Annaba"
"CL-VS-310273",4,"2nd","Bennett Lane","Male",45,2,1,"A65538",59101,"CLS-70","Bizerte"
"CL-VS-310274",6,"3rd","Amy Roman","Male",33,1,1,"D25500",49403,"GEN-114","Tunis"
"CL-VS-310275",6,"2nd","Kian English","Female",49,3,3,"B45888",73635,"PVT-104","Sfax"
"CL-VS-310276",0,"1st","Kelly Austin","Male",46,3,3,"P14798",34167,"CLS-71","Venice"
"CL-VS-310277",2,"1st","Omar Brady","Female",32,3,2,"Y98560",29254,"GEN-115","Zliten"
"CL-VS-310278",2,"3rd","Ryan Brandt","Female",45,5,2,"C21558",55571,"PVT-105","Palermo"
"CL-VS-310279",4,"2nd","Damir Browning","Male",49,0,2,"V54138",29148,"CLS-72","Zawiya"
"CL-VS-310280",0,"3rd","Princess Hoover","Male",51,3,1,"K26501",38767,"GEN-116","Cherbourg"
"CL-VS-310281",1,"2nd","Jaziel Reyna","Female",45,1,2,"L12571",52922,"PVT-106","Southampton"
"CL-VS-310282",1,"1st","Luella McKenzie","Male",39,1,2,"E25432",63820,"CLS-73","Manchester"
"CL-VS-310283",5,"1st","Scott Dodson","Female",30,0,3,"R26469",58791,"GEN-117","Paris"
"CL-VS-310284",4,"3rd","Etta Harrell","Female",38,5,3,"A65539",69265,"PVT-107","London"
"CL-VS-310285",3,"2nd","Nelson Kirby","Male",43,1,2,"D25501",48194,"CLS-74","Queenstown"
"CL-VS-310286",1,"3rd","Skyla Guerrero","Male",43,5,3,"B45889",45257,"GEN-118","Naples"
"CL-VS-310287",6,"2nd","Bryce Mejia","Female",36,1,3,"P14799",51390,"PVT-108","Pula"
"CL-VS-310288",6,"1st","Saylor Kramer","Male",30,3,2,"Y98561",65414,"CLS-75","Rome"
"CL-VS-310289",5,"1st","Kylan Leal","Female",43,1,1,"C21559",52971,"GEN-119","Valencia"
"CL-VS-310290",5,"3rd","Murphy Barron","Female",53,5,3,"V54139",75944,"PVT-109","Qran"
"CL-VS-310291",6,"2nd","Dustin Schmitt","Male",50,4,1,"K26502",62727,"CLS-76","Nador"
"CL-VS-310292",1,"3rd","Queen Cherry","Male",40,3,3,"L12572",32674,"GEN-120","Malaga"
"CL-VS-310293",1,"2nd","Rome McIntyre","Female",54,2,2,"E25433",68469,"PVT-110","Palma"
"CL-VS-310294",6,"1st","Rebekah Fox","Male",45,4,3,"R26470",61576,"CLS-77","Algeris"
"CL-VS-310295",4,"1st","Antonio Lin","Female",51,5,2,"A65540",55299,"GEN-121","Badalona"
"CL-VS-310296",6,"3rd","Makenna Villa","Female",43,5,2,"D25502",48094,"PVT-111","Jijel"
"CL-VS-310297",4,"2nd","Clay Holt","Male",40,2,3,"B45890",46006,"CLS-78","Nice"
"CL-VS-310298",6,"3rd","Adelynn Aguilar","Male",54,5,2,"P14800",31503,"GEN-122","Annaba"
"CL-VS-310299",5,"2nd","Milo Faulkner","Female",30,1,1,"Y98562",56630,"PVT-112","Bizerte"
"CL-VS-310300",5,"1st","Ansley Zimmerman","Male",30,0,3,"C21560",61570,"CLS-79","Tunis"
"CL-VS-310301",6,"1st","Sergio Herman","Female",36,4,1,"V54140",51302,"GEN-123","Sfax"
"CL-VS-310302",4,"3rd","Paulina Baker","Female",51,3,2,"K26503",26784,"PVT-113","Venice"
"CL-VS-310303",2,"2nd","Ezra Salinas","Male",35,3,1,"L12573",23439,"CLS-80","Zliten"
"CL-VS-310304",3,"3rd","Royalty Rubio","Male",52,1,1,"E25434",24252,"GEN-124","Palermo"
"CL-VS-310305",1,"2nd","Titan Barton","Female",56,2,1,"R26471",31401,"PVT-114","Zawiya"
"CL-VS-310306",5,"1st","Danna Summers","Male",52,1,2,"A65541",21106,"CLS-81","Cherbourg"
"CL-VS-310307",0,"1st","Darius Miranda","Female",37,0,3,"D25503",25099,"GEN-125","Southampton"
"CL-VS-310308",2,"3rd","Amina Thomas","Female",54,0,2,"B45891",31410,"PVT-115","Manchester"
"CL-VS-310309",3,"2nd","Logan McGuire","Male",41,4,2,"P14801",36755,"CLS-82","Paris"
"CL-VS-310310",3,"3rd","April Simpson","Male",56,0,1,"Y98563",69752,"GEN-126","London"
"CL-VS-310311",6,"2nd","Elliott Hurley","Female",51,3,3,"C21561",43726,"PVT-116","Queenstown"
"CL-VS-310312",4,"1st","Rylan Keller","Male",51,1,2,"V54141",70672,"CLS-83","Naples"
"CL-VS-310313",2,"1st","Nico Cooper","Female",38,3,1,"K26504",46699,"GEN-127","Pula"
"CL-VS-310314",3,"3rd","Serenity McGee","Female",48,0,3,"L12574",27122,"PVT-117","Rome"
"CL-VS-310315",3,"2nd","Conner Delacruz","Male",52,0,3,"E25435",70930,"CLS-84","Valencia"
"CL-VS-310316",6,"3rd","Celine Higgins","Male",30,1,3,"R26472",31803,"GEN-128","Qran"
"CL-VS-310317",1,"2nd","Sterling Moore","Female",58,1,2,"A65542",66104,"PVT-118","Nador"
"CL-VS-310318",5,"1st","Emily Proctor","Male",41,5,1,"D25504",22184,"CLS-85","Malaga"
"CL-VS-310319",3,"1st","Vance Leon","Female",47,2,1,"B45892",25965,"GEN-129","Palma"
"CL-VS-310320",1,"3rd","Amora Russo","Female",48,5,2,"P14802",45583,"PVT-119","Algeris"
"CL-VS-310321",5,"2nd","Jamie Hardy","Male",47,2,1,"Y98564",56280,"CLS-86","Badalona"
"CL-VS-310322",5,"3rd","Jessica Duncan","Male",38,5,1,"C21562",22208,"GEN-130","Jijel"
"CL-VS-310323",1,"2nd","Avery Ayers","Female",38,0,2,"V54142",26714,"PVT-120","Nice"
"CL-VS-310324",2,"1st","Simone Browning","Male",52,2,3,"K26505",52971,"CLS-87","Annaba"
"CL-VS-310325",2,"1st","Rohan Duarte","Female",46,5,2,"L12575",38229,"GEN-131","Bizerte"
"CL-VS-310326",3,"3rd","Kynlee Vance","Female",30,0,1,"E25436",65420,"PVT-121","Tunis"
"CL-VS-310327",0,"2nd","Casen Castro","Male",58,1,1,"R26473",50321,"CLS-88","Sfax"
"CL-VS-310328",2,"3rd","Eloise Harris","Male",36,3,1,"A65543",25850,"GEN-132","Venice"
"CL-VS-310329",0,"2nd","Samuel Hood","Female",31,1,1,"D25505",27393,"PVT-122","Zliten"
"CL-VS-310330",4,"1st","Briana Simon","Male",56,5,1,"B45893",71154,"CLS-89","Palermo"
"CL-VS-310331",0,"1st","Zayne Holt","Female",52,0,2,"P14803",39446,"GEN-133","Zawiya"
"CL-VS-310332",3,"3rd","Adelynn Bradshaw","Female",40,3,3,"Y98565",57435,"PVT-123","Cherbourg"
"CL-VS-310333",1,"2nd","Emory Nixon","Male",47,4,1,"C21563",64746,"CLS-90","Southampton"
"CL-VS-310334",5,"3rd","Deborah Reid","Male",56,0,3,"V54143",28143,"GEN-134","Manchester"
"CL-VS-310335",6,"2nd","Josue Alvarado","Female",58,4,2,"K26506",25939,"PVT-124","Paris"
"CL-VS-310336",2,"1st","Blake Baker","Male",43,2,1,"L12576",31575,"CLS-91","London"
"CL-VS-310337",3,"1st","Ezra Hanna","Female",42,2,1,"E25437",71557,"GEN-135","Queenstown"
"CL-VS-310338",0,"3rd","Cynthia Colon","Female",58,3,1,"R26474",45979,"PVT-125","Naples"
"CL-VS-310339",2,"2nd","Bruce Campos","Male",42,2,2,"A65544",29784,"CLS-92","Pula"
"CL-VS-310340",0,"3rd","Sutton Hodges","Male",48,1,2,"D25506",30969,"GEN-136","Rome"
"CL-VS-310341",1,"2nd","Alonzo Dyer","Female",32,3,1,"B45894",72074,"PVT-126","Valencia"
"CL-VS-310342",4,"1st","Estrella Price","Male",47,4,1,"P14804",21336,"CLS-93","Qran"
"CL-VS-310343",3,"1st","Brooks Arnold","Female",45,5,1,"Y98566",33624,"GEN-137","Nador"
"CL-VS-310344",1,"3rd","Finley Gillespie","Female",34,1,1,"C21564",52047,"PVT-127","Malaga"
"CL-VS-310345",3,"2nd","Forest Olson","Male",35,2,2,"V54144",77381,"CLS-94","Palma"
"CL-VS-310346",1,"3rd","Isabel Pace","Male",44,1,3,"K26507",68455,"GEN-138","Algeris"
"CL-VS-310347",0,"2nd","Dior Buck","Female",51,4,3,"L12577",49714,"PVT-128","Badalona"
"CL-VS-310348",2,"1st","Livia Alexander","Male",54,1,1,"E25438",37672,"CLS-95","Jijel"
"CL-VS-310349",3,"1st","Kingston Martinez","Female",45,4,2,"R26475",58188,"GEN-139","Nice"
"CL-VS-310350",2,"3rd","Harper Flowers","Female",46,4,1,"A65545",52746,"PVT-129","Annaba"
"CL-VS-310351",5,"2nd","Saul Costa","Male",55,2,2,"D25507",25318,"CLS-96","Bizerte"
"CL-VS-310352",4,"3rd","Robin Corona","Male",40,4,2,"B45895",76709,"GEN-140","Tunis"
"CL-VS-310353",0,"2nd","Darian Carey","Female",59,1,3,"P14805",24257,"PVT-130","Sfax"
"CL-VS-310354",4,"1st","Alora Byrd","Male",43,0,3,"Y98567",74851,"CLS-97","Venice"
"CL-VS-310355",6,"1st","Cristian Marks","Female",37,3,3,"C21565",30188,"GEN-141","Zliten"
"CL-VS-310356",6,"3rd","Monica Bridges","Female",48,1,2,"V54145",36697,"PVT-131","Palermo"
"CL-VS-310357",1,"2nd","Mohammed Vazquez","Male",36,4,1,"K26508",44685,"CLS-98","Zawiya"
"CL-VS-310358",4,"3rd","Journee French","Male",44,1,2,"L12578",67433,"GEN-142","Cherbourg"
"CL-VS-310359",1,"2nd","Corey Roberson","Female",31,1,3,"E25439",65719,"PVT-132","Southampton"
"CL-VS-310360",1,"1st","Sasha Davila","Male",52,0,3,"R26476",62887,"CLS-99","Manchester"
"CL-VS-310361",3,"1st","Grey Bruce","Female",46,4,2,"A65546",31719,"GEN-143","Paris"
"CL-VS-310362",2,"3rd","Marilyn Nixon","Female",54,2,1,"D25508",36487,"PVT-133","London"
"CL-VS-310363",2,"2nd","Cory Perez","Male",40,2,2,"B45896",28925,"CLS-100","Queenstown"
"CL-VS-310364",0,"3rd","Eleanor Morrow","Male",32,5,1,"P14806",58538,"GEN-144","Naples"
"CL-VS-310365",5,"2nd","Kyree Parra","Female",52,3,3,"Y98568",72009,"PVT-134","Pula"
"CL-VS-310366",0,"1st","Dalary Young","Male",47,3,1,"C21566",21898,"CLS-101","Rome"
"CL-VS-310367",2,"1st","Asher Blankenship","Female",50,1,2,"V54146",20530,"GEN-145","Valencia"
"CL-VS-310368",2,"3rd","Rosalee Bryan","Female",51,1,2,"K26509",60026,"PVT-135","Qran"
"CL-VS-310369",3,"2nd","Jaxtyn Lloyd","Male",34,2,2,"L12579",66587,"CLS-102","Nador"
"CL-VS-310370",0,"3rd","Emely Liu","Male",43,4,3,"E25440",20558,"GEN-146","Malaga"
"CL-VS-310371",2,"2nd","Pedro Stewart","Female",31,2,1,"R26477",74248,"PVT-136","Palma"
"CL-VS-310372",0,"1st","Maya Wu","Male",54,1,3,"A65547",79216,"CLS-103","Algeris"
"CL-VS-310373",5,"1st","Kyson May","Female",50,0,1,"D25509",25498,"GEN-147","Badalona"
"CL-VS-310374",3,"3rd","Adriana Park","Female",53,1,2,"B45897",76890,"PVT-137","Jijel"
"CL-VS-310375",1,"2nd","Daxton Armstrong","Male",40,0,2,"P14807",52053,"CLS-104","Nice"
"CL-VS-310376",5,"3rd","Presley Vincent","Male",57,5,2,"Y98569",37020,"GEN-148","Annaba"
"CL-VS-310377",2,"2nd","Aarav Stephenson","Female",51,3,3,"C21567",74466,"PVT-138","Bizerte"
"CL-VS-310378",1,"1st","Khaleesi Bartlett","Male",46,4,2,"V54147",64507,"CLS-105","Tunis"
"CL-VS-310379",0,"1st","Kace Rocha","Female",53,5,1,"K26510",45426,"GEN-149","Sfax"
"CL-VS-310380",6,"3rd","Emmie Carroll","Female",56,5,2,"L12580",43458,"PVT-139","Venice"
"CL-VS-310381",0,"2nd","Oscar Guerrero","Male",32,3,1,"E25441",50267,"CLS-106","Zliten"
"CL-VS-310382",1,"3rd","Margot Kaur","Male",43,5,2,"R26478",61646,"GEN-150","Palermo"
"CL-VS-310383",2,"2nd","Augustine Khan","Female",40,4,3,"A65548",68723,"PVT-140","Zawiya"
"CL-VS-310384",4,"1st","Mabel Anthony","Male",36,2,1,"D25510",40339,"CLS-107","Cherbourg"
"CL-VS-310385",0,"1st","Shiloh Willis","Female",33,1,3,"B45898",32749,"GEN-151","Southampton"
"CL-VS-310386",1,"3rd","Alexa Bass","Female",31,1,1,"P14808",47234,"PVT-141","Manchester"
"CL-VS-310387",6,"2nd","Landen Wright","Male",35,1,1,"Y98570",55369,"CLS-108","Paris"
"CL-VS-310388",2,"3rd","Lily Hendricks","Male",34,3,2,"C21568",59810,"GEN-152","London"
"CL-VS-310389",5,"2nd","Dash Farley","Female",55,1,1,"V54148",46956,"PVT-142","Queenstown"
"CL-VS-310390",6,"1st","Wrenley Floyd","Male",54,0,3,"K26511",57697,"CLS-109","Naples"
"CL-VS-310391",0,"1st","Pierce Padilla","Female",54,2,1,"L12581",67146,"GEN-153","Pula"
"CL-VS-310392",5,"3rd","Maggie Shepherd","Female",58,3,2,"E25442",41777,"PVT-143","Rome"
"CL-VS-310393",2,"2nd","Ronald Jacobson","Male",40,3,3,"R26479",46537,"CLS-110","Valencia"
"CL-VS-310394",2,"3rd","Royal Bennett","Male",34,1,3,"A65549",25624,"GEN-154","Qran"
"CL-VS-310395",1,"2nd","Leonardo Fry","Female",58,0,2,"D25511",77058,"PVT-144","Nador"
"CL-VS-310396",4,"1st","Clarissa Fischer","Male",45,2,3,"B45899",68268,"CLS-111","Malaga"
"CL-VS-310397",2,"1st","Leonidas Allison","Female",48,2,1,"P14809",46753,"GEN-155","Palma"
"CL-VS-310398",5,"3rd","Chelsea McKee","Female",32,1,3,"Y98571",72602,"PVT-145","Algeris"
"CL-VS-310399",4,"2nd","Bjorn Webster","Male",57,1,3,"C21569",23607,"CLS-112","Badalona"
"CL-VS-310400",2,"3rd","Kensley Potts","Male",42,5,3,"V54149",75413,"GEN-156","Jijel"
"CL-VS-310401",6,"2nd","Alfred Rush","Female",41,0,2,"K26512",44629,"PVT-146","Nice"
"CL-VS-310402",1,"1st","Maleah Neal","Male",43,2,3,"L12582",33622,"CLS-113","Annaba"
"CL-VS-310403",5,"1st","Kane Cline","Female",43,5,1,"E25443",34821,"GEN-157","Bizerte"
"CL-VS-310404",4,"3rd","Lina Ford","Female",43,2,1,"R26480",49920,"PVT-147","Tunis"
"CL-VS-310405",2,"2nd","Luis Best","Male",37,3,3,"A65550",68578,"CLS-114","Sfax"
"CL-VS-310406",0,"3rd","Lexie Parrish","Male",44,2,3,"D25512",26418,"GEN-158","Venice"
"CL-VS-310407",0,"2nd","Karsyn Wallace","Female",33,4,2,"B45900",76854,"PVT-148","Zliten"
"CL-VS-310408",2,"1st","Arianna Foley","Male",47,4,2,"P14810",45656,"CLS-115","Palermo"
"CL-VS-310409",6,"1st","Mohammad Brock","Female",52,4,2,"Y98572",24837,"GEN-159","Zawiya"
"CL-VS-310410",3,"3rd","Jada Maynard","Female",33,4,2,"C21570",36940,"PVT-149","Cherbourg"
"CL-VS-310411",2,"2nd","Landry Mueller","Male",55,2,3,"V54150",41209,"CLS-116","Southampton"
"CL-VS-310412",4,"3rd","Imani Christian","Male",36,5,1,"K26513",71008,"GEN-160","Manchester"
"CL-VS-310413",5,"2nd","Ledger Ayala","Female",46,3,2,"L12583",72557,"PVT-150","Paris"
"CL-VS-310414",5,"1st","Blair Galindo","Male",46,0,1,"E25444",56208,"CLS-117","London"
"CL-VS-310415",3,"1st","Salvatore Myers","Female",54,3,2,"R26481",75353,"GEN-161","Queenstown"
"CL-VS-310416",0,"3rd","Lydia Moyer","Female",34,3,2,"A65551",69080,"PVT-151","Naples"
"CL-VS-310417",0,"2nd","Ahmir Swanson","Male",31,3,3,"D25513",23257,"CLS-118","Pula"
"CL-VS-310418",2,"3rd","Helen Gordon","Male",45,1,3,"B45901",51454,"GEN-162","Rome"
"CL-VS-310419",4,"2nd","Karter McMahon","Female",35,5,3,"P14811",40721,"PVT-152","Valencia"
"CL-VS-310420",2,"1st","Belen Roberts","Male",42,0,1,"Y98573",68315,"CLS-119","Qran"
"CL-VS-310421",2,"1st","Josiah Williams","Female",47,2,3,"C21571",59360,"GEN-163","Nador"
"AS-SV-144012",1,"3rd","Ava Thompson","Female",47,5,2,"V54151",66930,"PVT-153","Malaga"
"AS-SV-144013",4,"2nd","Theodore Meyer","Male",32,3,3,"K26514",55251,"CLS-120","Palma"
"AS-SV-144014",4,"3rd","Sara Browning","Male",56,5,2,"L12584",73898,"GEN-164","Algeris"
"AS-SV-144015",2,"2nd","Rohan Harrell","Female",51,4,1,"E25445",55710,"PVT-154","Badalona"
"AS-SV-144016",1,"1st","Kara Riley","Male",30,1,2,"R26482",58694,"CLS-121","Jijel"
"AS-SV-144017",0,"1st","Amari Grant","Female",36,5,2,"A65552",47327,"GEN-165","Nice"
"AS-SV-144018",0,"3rd","Alaina Tapia","Female",48,3,3,"D25514",69482,"PVT-155","Annaba"
"AS-SV-144019",4,"2nd","Samir Love","Male",31,1,1,"B45902",21196,"CLS-122","Bizerte"
"AS-SV-144020",5,"3rd","Avianna Wilkins","Male",40,4,3,"P14812",68275,"GEN-166","Tunis"
"AS-SV-144021",2,"2nd","Yusuf Weeks","Female",30,5,2,"Y98574",41441,"PVT-156","Sfax"
"AS-SV-144022",0,"1st","Karen Cain","Male",43,0,1,"C21572",57153,"CLS-123","Venice"
"AS-SV-144023",2,"1st","Benson Lawson","Female",57,1,2,"V54152",71970,"GEN-167","Zliten"
"AS-SV-144024",6,"3rd","Phoebe Torres","Female",33,5,2,"K26515",44273,"PVT-157","Palermo"
"AS-SV-144025",4,"2nd","Jayden Drake","Male",35,2,2,"L12585",23922,"CLS-124","Zawiya"
"AS-SV-144026",4,"3rd","Jayleen Santos","Male",39,5,2,"E25446",35257,"GEN-168","Cherbourg"
"AS-SV-144027",0,"2nd","Walker Wyatt","Female",35,1,3,"R26483",70469,"PVT-158","Southampton"
"AS-SV-144028",3,"1st","Liberty Craig","Male",40,3,2,"A65553",31238,"CLS-125","Manchester"
"AS-SV-144029",0,"1st","Odin Bullock","Female",54,5,1,"D25515",54279,"GEN-169","Paris"
"AS-SV-144030",2,"3rd","Winnie Clements","Female",35,2,1,"B45903",65711,"PVT-159","London"
"AS-SV-144031",2,"2nd","Fisher Vance","Male",47,5,1,"P14813",43361,"CLS-126","Queenstown"
"AS-SV-144032",5,"3rd","Maxine Farley","Male",36,4,2,"Y98575",71772,"GEN-170","Naples"
"AS-SV-144033",4,"2nd","Graysen Patel","Female",55,4,3,"C21573",54113,"PVT-160","Pula"
"AS-SV-144034",2,"1st","Madeline Pearson","Male",49,0,3,"V54153",59533,"CLS-127","Rome"
"AS-SV-144035",2,"1st","Gunner Armstrong","Female",56,5,3,"K26516",48873,"GEN-171","Valencia"
"AS-SV-144036",3,"3rd","Presley Lee","Female",36,4,2,"L12586",57526,"PVT-161","Qran"
"AS-SV-144037",2,"2nd","Jack Frederick","Male",57,2,2,"E25447",34139,"CLS-128","Nador"
"AS-SV-144038",2,"3rd","Sariyah Hayes","Male",58,0,2,"R26484",76817,"GEN-172","Malaga"
"AS-SV-144039",5,"2nd","Legend Hernandez","Female",31,1,1,"A65554",50397,"PVT-162","Palma"
"AS-SV-144040",5,"1st","Camila Dunn","Male",53,2,3,"D25516",23456,"CLS-129","Algeris"
"AS-SV-144041",3,"1st","Dawson Little","Female",53,0,1,"B45904",25651,"GEN-173","Badalona"
"AS-SV-144042",2,"3rd","Harley Lowe","Female",54,4,3,"P14814",66621,"PVT-163","Jijel"
"AS-SV-144043",2,"2nd","Julius Doyle","Male",35,0,3,"Y98576",39994,"CLS-130","Nice"
"AS-SV-144044",6,"3rd","Annalise Strickland","Male",37,5,2,"C21574",37485,"GEN-174","Annaba"
"AS-SV-144045",0,"2nd","Keegan Chandler","Female",58,4,1,"V54154",40825,"PVT-164","Bizerte"
"AS-SV-144046",0,"1st","Viviana Cordova","Male",54,4,3,"K26517",73722,"CLS-131","Tunis"
"AS-SV-144047",3,"1st","Vicente Warner","Female",35,3,1,"L12587",39400,"GEN-175","Sfax"
"AS-SV-144048",2,"3rd","Wynter Yoder","Female",36,4,1,"E25448",33235,"PVT-165","Venice"
"AS-SV-144049",3,"2nd","Johan Ray","Male",49,1,1,"R26485",38776,"CLS-132","Zliten"
"AS-SV-144050",6,"3rd","Ruth Chung","Male",46,1,2,"A65555",38504,"GEN-176","Palermo"
"AS-SV-144051",5,"2nd","Ira Horn","Female",46,0,2,"D25517",58739,"PVT-166","Zawiya"
"AS-SV-144052",6,"1st","Avah Zimmerman","Male",53,0,1,"B45905",40969,"CLS-133","Cherbourg"
"AS-SV-144053",3,"1st","Sergio Cummings","Female",57,2,2,"P14815",45874,"GEN-177","Southampton"
"AS-SV-144054",2,"3rd","Nylah McKee","Female",59,0,3,"Y98577",48742,"PVT-167","Manchester"
"AS-SV-144055",4,"2nd","Bjorn Hendricks","Male",41,0,3,"C21575",41660,"CLS-134","Paris"
"AS-SV-144056",5,"3rd","Dani Barajas","Male",40,3,2,"V54155",28281,"GEN-178","London"
"AS-SV-144057",0,"2nd","Brennan Munoz","Female",53,4,2,"K26518",73672,"PVT-168","Queenstown"
"AS-SV-144058",4,"1st","Kehlani Ellison","Male",43,3,2,"L12588",50996,"CLS-135","Naples"
"AS-SV-144059",0,"1st","Kye Pearson","Female",54,1,2,"E25449",71597,"GEN-179","Pula"
"AS-SV-144060",0,"3rd","Kiara Wheeler","Female",50,0,3,"R26486",20811,"PVT-169","Rome"
"AS-SV-144061",2,"2nd","Kenneth Wall","Male",53,0,3,"A65556",71790,"CLS-136","Valencia"
"AS-SV-144062",0,"3rd","Jayda Keller","Male",32,4,1,"D25518",22231,"GEN-180","Qran"
"AS-SV-144063",2,"2nd","Nico Nielsen","Female",39,3,1,"B45906",25524,"PVT-170","Nador"
"AS-SV-144064",5,"1st","Vienna McMahon","Male",58,0,1,"P14816",43309,"CLS-137","Malaga"
"AS-SV-144065",2,"1st","Jakob Carrillo","Female",35,0,1,"Y98578",66757,"GEN-181","Palma"
"AS-SV-144066",0,"3rd","Kaylani Dorsey","Female",34,0,3,"C21576",43226,"PVT-171","Algeris"
"AS-SV-144067",0,"2nd","Enoch Nolan","Male",47,0,2,"V54156",78868,"CLS-138","Badalona"
"AS-SV-144068",2,"3rd","Itzayana Hail","Male",31,2,3,"K26519",31972,"GEN-182","Jijel"
"AS-SV-144069",4,"2nd","Hector Rogers","Female",30,2,1,"L12589",42441,"PVT-172","Nice"
"AS-SV-144070",0,"1st","Madelyn Kemp","Male",39,4,2,"E25450",71606,"CLS-139","Annaba"
"AS-SV-144071",3,"1st","Melvin Medrano","Female",43,5,2,"R26487",67887,"GEN-183","Bizerte"
"AS-SV-144072",3,"3rd","Halle Berg","Female",50,3,2,"A65557",46880,"PVT-173","Tunis"
"AS-SV-144073",1,"2nd","Cayson Orr","Male",36,0,3,"D25519",27466,"CLS-140","Sfax"
"AS-SV-144074",3,"3rd","Alaiya Hodge","Male",49,4,3,"B45907",79401,"GEN-184","Venice"
"AS-SV-144075",1,"2nd","Reign Parrish","Female",53,2,3,"P14817",78122,"PVT-174","Zliten"
"AS-SV-144076",2,"1st","Tiana Hill","Male",45,2,2,"Y98579",48988,"CLS-141","Palermo"
"AS-SV-144077",5,"1st","Isaac Decker","Female",47,2,2,"C21577",61607,"GEN-185","Zawiya"
"AS-SV-144078",4,"3rd","Aleena Thornton","Female",44,4,2,"V54157",71386,"PVT-175","Cherbourg"
"AS-SV-144079",6,"2nd","Malik Zhang","Male",54,1,1,"K26520",63888,"CLS-142","Southampton"
"AS-SV-144080",4,"3rd","Sarai Bowen","Male",57,4,3,"L12590",50580,"GEN-186","Manchester"
"AS-SV-144081",3,"2nd","Trevor Hudson","Female",56,2,2,"E25451",72757,"PVT-176","Paris"
"AS-SV-144082",2,"1st","Kamila Carter","Male",44,2,1,"R26488",24079,"CLS-143","London"
"AS-SV-144083",5,"1st","Maverick Fitzgerald","Female",44,4,2,"A65558",54611,"GEN-187","Queenstown"
"AS-SV-144084",0,"3rd","Marlee Greene","Female",48,0,3,"D25520",23196,"PVT-177","Naples"
"WL-PV-21012",6,"2nd","Griffin Hodge","Male",54,0,3,"B45908",78211,"CLS-144","Pula"
"WL-PV-21013",5,"3rd","Coraline Arellano","Male",49,0,3,"P14818",55812,"GEN-188","Rome"
"WL-PV-21014",0,"2nd","Kellan Levy","Female",54,1,2,"Y98580",57621,"PVT-178","Valencia"
"WL-PV-21015",2,"1st","Flora Frost","Male",37,5,3,"C21578",54818,"CLS-145","Qran"
"WL-PV-21016",4,"1st","Dario Leon","Female",47,1,3,"V54158",55102,"GEN-189","Nador"
"WL-PV-21017",2,"3rd","Amora Potter","Female",33,2,2,"K26521",27038,"PVT-179","Malaga"
"WL-PV-21018",5,"2nd","Lucca Estrada","Male",44,0,2,"L12591",38395,"CLS-146","Palma"
"WL-PV-21019",4,"3rd","Sawyer Pace","Male",34,0,3,"E25452",43287,"GEN-190","Algeris"
"WL-PV-21020",4,"2nd","Dior Lowe","Female",48,4,1,"R26489",48169,"PVT-180","Badalona"
"WL-PV-21021",6,"1st","Amari Everett","Male",39,2,3,"A65559",74367,"CLS-147","Jijel"
"WL-PV-21022",5,"1st","Camilo Vasquez","Female",58,2,2,"D25521",33295,"GEN-191","Nice"
"WL-PV-21023",5,"3rd","Rose Cortez","Female",50,4,3,"B45909",74153,"PVT-181","Annaba"
"WL-PV-21024",4,"2nd","Zayn Middleton","Male",55,2,1,"P14819",64155,"CLS-148","Bizerte"
"WL-PV-21025",2,"3rd","Madalyn Keller","Male",57,1,2,"Y98581",48993,"GEN-192","Tunis"
"WL-PV-21026",5,"2nd","Nico McDaniel","Female",50,4,1,"C21579",22019,"PVT-182","Sfax"
"WL-PV-21027",6,"1st","Dahlia Roberts","Male",47,3,3,"V54159",59233,"CLS-149","Venice"
"WL-PV-21028",3,"1st","Josiah Le","Female",57,5,3,"K26522",61060,"GEN-193","Zliten"
"WL-PV-21029",0,"3rd","Myla Schmidt","Female",58,2,1,"L12592",21406,"PVT-183","Palermo"
"WL-PV-21030",1,"2nd","Zayden Torres","Male",40,1,1,"E25453",44566,"CLS-150","Zawiya"
"WL-PV-21031",5,"3rd","Violet Potts","Male",46,5,1,"R26490",62493,"GEN-194","Cherbourg"
"WL-PV-21032",5,"2nd","Alfred Caldwell","Female",47,2,3,"A65560",23756,"PVT-184","Southampton"
"WL-PV-21033",2,"1st","Evelynn Weeks","Male",57,5,1,"D25522",34768,"CLS-151","Manchester"
"WL-PV-21034",3,"1st","Anders Kim","Female",57,4,1,"B45910",63752,"GEN-195","Paris"
"WL-PV-21035",4,"3rd","Gabriella Finley","Female",57,1,3,"P14820",25313,"PVT-185","London"
"WL-PV-21036",6,"2nd","Calum Lamb","Male",35,4,3,"Y98582",73388,"CLS-152","Queenstown"
"WL-PV-21037",6,"3rd","Amaia Conrad","Male",36,3,1,"C21580",60565,"GEN-196","Naples"
"WL-PV-21038",6,"2nd","Dilan Bowers","Female",52,3,1,"V54160",35465,"PVT-186","Pula"
"WL-PV-21039",0,"1st","Elisa Erickson","Male",53,4,3,"K26523",43411,"CLS-153","Rome"
"WL-PV-21040",3,"1st","Johnny Porter","Female",40,3,2,"L12593",58105,"GEN-197","Valencia"
"WL-PV-21041",2,"3rd","Ryleigh Brewer","Female",30,0,3,"E25454",26752,"PVT-187","Qran"
"WL-PV-21042",1,"2nd","Cruz Kaur","Male",52,5,3,"R26491",47758,"CLS-154","Nador"
"WL-PV-21043",3,"3rd","Holland Nguyen","Male",42,5,3,"A65561",72015,"GEN-198","Malaga"
"WL-PV-21044",6,"2nd","Gabriel Simpson","Female",34,4,3,"D25523",70804,"PVT-188","Palma"
"WL-PV-21045",5,"1st","Anastasia Russo","Male",42,3,3,"B45911",71484,"CLS-155","Algeris"
"WL-PV-21046",0,"1st","Jamie Lane","Female",53,5,2,"P14821",40152,"GEN-199","Badalona"
"WL-PV-21047",1,"3rd","Amy Cano","Female",36,5,1,"Y98583",45403,"PVT-189","Jijel"
"WL-PV-21048",5,"2nd","Terry Morton","Male",33,2,1,"C21581",76375,"CLS-156","Nice"
"WL-PV-21049",3,"3rd","Mallory Logan","Male",41,5,1,"V54161",60137,"GEN-200","Annaba"
"WL-PV-21050",4,"2nd","Rocco Lynch","Female",47,3,3,"K26524",77101,"PVT-190","Bizerte"
"WL-PV-21051",5,"1st","Malia Chang","Male",53,4,2,"L12594",42310,"CLS-157","Tunis"
"WL-PV-21052",2,"1st","Ari Cohen","Female",41,5,2,"E25455",28868,"GEN-201","Sfax"
"WL-PV-21053",3,"3rd","Destiny Jarvis","Female",37,1,3,"R26492",39369,"PVT-191","Venice"
"WL-PV-21054",4,"2nd","Marlon McMahon","Male",38,2,3,"A65562",56623,"CLS-158","Zliten"
"WL-PV-21055",3,"3rd","Belen Robbins","Male",35,0,2,"D25524",47631,"GEN-202","Palermo"
"WL-PV-21056",1,"2nd","Finnegan Peters","Female",33,0,3,"B45912",62848,"PVT-192","Zawiya"
"WL-PV-21057",3,"1st","Leila Kline","Male",38,5,2,"P14822",64426,"CLS-159","Cherbourg"
"WL-PV-21058",1,"1st","Ramon Meyers","Female",34,4,3,"Y98584",52944,"GEN-203","Southampton"
"WL-PV-21059",4,"3rd","Leyla Curry","Female",31,4,3,"C21582",37346,"PVT-193","Manchester"
"WL-PV-21060",3,"2nd","Briggs Avalos","Male",52,4,2,"V54162",28396,"CLS-160","Paris"
"WL-PV-21061",3,"3rd","Paloma Merritt","Male",48,3,2,"K26525",26109,"GEN-204","London"
"WL-PV-21062",0,"2nd","Colten Greene","Female",51,2,2,"L12595",50914,"PVT-194","Queenstown"
"WL-PV-21063",5,"1st","Selena Goodman","Male",38,4,3,"E25456",75137,"CLS-161","Naples"
"WL-PV-21064",6,"1st","Philip Avery","Female",31,3,3,"R26493",68005,"GEN-205","Pula"
"WL-PV-21065",6,"3rd","Meghan Bishop","Female",41,3,2,"A65563",24161,"PVT-195","Rome"
"WL-PV-21066",1,"2nd","Paxton Lawrence","Male",36,3,1,"D25525",60418,"CLS-162","Valencia"
"WL-PV-21067",5,"3rd","Lauren Hoffman","Male",41,0,2,"B45913",29568,"GEN-206","Qran"
"WL-PV-21068",5,"2nd","Steven Cross","Female",33,3,2,"P14823",56813,"PVT-196","Nador"
"WL-PV-21069",2,"1st","Nayeli Pruitt","Male",49,4,1,"Y98585",37921,"CLS-163","Malaga"
"WL-PV-21070",1,"1st","Gatlin Oliver","Female",43,1,2,"C21583",67817,"GEN-207","Palma"
"WL-PV-21071",4,"3rd","Camille Chase","Female",43,3,1,"V54163",50696,"PVT-197","Algeris"
"WL-PV-21072",2,"2nd","Otis Vu","Male",41,4,2,"K26526",69892,"CLS-164","Badalona"
"WL-PV-21073",2,"3rd","Kimora Conrad","Male",48,2,3,"L12596",67213,"GEN-208","Jijel"
"WL-PV-21074",0,"2nd","Dilan Terry","Female",50,5,3,"E25457",70265,"PVT-198","Nice"
"WL-PV-21075",0,"1st","Wren Arellano","Male",36,3,3,"R26494",61967,"CLS-165","Annaba"
"WL-PV-21076",6,"1st","Kellan Ballard","Female",56,5,3,"A65564",43439,"GEN-209","Bizerte"
"WL-PV-21077",3,"3rd","Alejandra Fitzgerald","Female",47,5,2,"D25526",55135,"PVT-199","Tunis"
"WL-PV-21078",3,"2nd","Peyton Ware","Male",43,1,3,"B45914",39181,"CLS-166","Sfax"
"WL-PV-21079",4,"3rd","Eileen Gonzales","Male",43,4,2,"P14824",73674,"GEN-210","Venice"
"WL-PV-21080",0,"2nd","Brayden Terrell","Female",56,1,1,"Y98586",77487,"PVT-200","Zliten"
"WL-PV-21081",0,"1st","Paityn Butler","Male",53,0,2,"C21584",35994,"CLS-167","Palermo"
"WL-PV-21082",6,"1st","Ryder Reyes","Female",49,5,3,"V54164",79589,"GEN-211","Zawiya"
"WL-PV-21083",3,"3rd","Audrey Hood","Female",57,0,1,"K26527",63217,"PVT-201","Cherbourg"
"WL-PV-21084",2,"2nd","Brixton Truong","Male",42,3,3,"L12597",76974,"CLS-168","Southampton"
"WL-PV-21085",4,"3rd","Judith Estes","Male",33,3,1,"E25458",46730,"GEN-212","Manchester"
"WL-PV-21086",1,"2nd","Hakeem Hood","Female",51,2,3,"R26495",77317,"PVT-202","Paris"
"WL-PV-21087",1,"1st","Briana Moody","Male",43,0,2,"A65565",36702,"CLS-169","London"
"WL-PV-21088",1,"1st","Ryland Wu","Female",57,2,1,"D25527",44045,"GEN-213","Queenstown"
"WL-PV-21089",6,"3rd","Liana Morrow","Female",45,4,3,"B45915",76500,"PVT-203","Naples"
"WL-PV-21090",5,"2nd","Kyree Morris","Male",48,0,3,"P14825",25156,"CLS-170","Pula"
"WL-PV-21091",0,"3rd","Genesis Holland","Male",45,3,3,"Y98587",69006,"GEN-214","Rome"
"WL-PV-21092",3,"2nd","Brady Holland","Female",46,2,2,"C21585",73402,"PVT-204","Valencia"
"WL-PV-21093",1,"1st","Mariah Cooper","Male",30,5,3,"V54165",33577,"CLS-171","Qran"
"WL-PV-21094",6,"1st","Jonathan Tang","Female",51,4,3,"K26528",59240,"GEN-215","Nador"
"WL-PV-21095",6,"3rd","Belle Woodward","Female",36,2,1,"L12598",25136,"PVT-205","Malaga"
"WL-PV-21096",2,"2nd","Jeremias Reese","Male",34,2,1,"E25459",73181,"CLS-172","Palma"
"WL-PV-21097",5,"3rd","Rosemary Guerra","Male",58,2,3,"R26496",58074,"GEN-216","Algeris"
"WL-PV-21098",2,"2nd","Leland Walters","Female",47,5,3,"A65566",77536,"PVT-206","Badalona"
"WL-PV-21099",6,"1st","Samara Hayes","Male",49,0,1,"D25528",21957,"CLS-173","Jijel"
"WL-PV-21100",5,"1st","Legend Galvan","Female",48,2,2,"B45916",24729,"GEN-217","Nice"
"WL-PV-21101",6,"3rd","Dallas Berg","Female",30,4,2,"P14826",60419,"PVT-207","Annaba"
"WL-PV-21102",4,"2nd","Cayson Woodward","Male",44,0,1,"Y98588",46228,"CLS-174","Bizerte"
"WL-PV-21103",1,"3rd","Drew Kemp","Male",57,3,2,"C21586",75916,"GEN-218","Tunis"
"WL-PV-21104",2,"2nd","Melvin Shepard","Female",41,1,2,"V54166",22301,"PVT-208","Sfax"
"WL-PV-21105",1,"1st","Noor Griffin","Male",59,1,1,"K26529",72903,"CLS-175","Venice"
"WL-PV-21106",0,"1st","Ayden Ware","Female",55,1,1,"L12599",37930,"GEN-219","Zliten"
"WL-PV-21107",4,"3rd","Eileen Hubbard","Female",34,2,2,"E25460",47938,"PVT-209","Palermo"
"WL-PV-21108",5,"2nd","Forrest Lawson","Male",46,2,2,"R26497",63229,"CLS-176","Zawiya"
"WL-PV-21109",2,"3rd","Phoebe Morton","Male",57,1,3,"A65567",77102,"GEN-220","Cherbourg"
"WL-PV-21110",0,"2nd","Roland Cortez","Female",42,5,1,"D25529",46442,"PVT-210","Southampton"
"WL-PV-21111",4,"1st","Haven Collins","Male",40,3,1,"B45917",75390,"CLS-177","Manchester"
"WL-PV-21112",4,"1st","Miles Adkins","Female",49,3,2,"P14827",54730,"GEN-221","Paris"
"WL-PV-21113",0,"3rd","Emelia Jaramillo","Female",47,4,3,"Y98589",40820,"PVT-211","London"
"WL-PV-21114",5,"2nd","Riggs Coleman","Male",52,5,2,"C21587",77346,"CLS-178","Queenstown"
"WL-PV-21115",4,"3rd","Julia Hunter","Male",37,5,1,"V54167",57922,"GEN-222","Naples"
"WL-PV-21116",2,"2nd","Archer Norris","Female",58,4,2,"K26530",49412,"PVT-212","Pula"
"WL-PV-21117",1,"1st","Arielle Olsen","Male",40,5,3,"L12600",55685,"CLS-179","Rome"
"WL-PV-21118",3,"1st","Skyler Miles","Female",45,4,2,"E25461",50559,"GEN-223","Valencia"
"WL-PV-21119",5,"3rd","Alessandra West","Female",59,1,2,"R26498",55764,"PVT-213","Qran"
"WL-PV-21120",6,"2nd","Diego Parra","Male",31,2,1,"A65568",36925,"CLS-180","Nador"
"WL-PV-21121",4,"3rd","Dalary Guerra","Male",36,5,2,"D25530",67461,"GEN-224","Malaga"
"WL-PV-21122",3,"2nd","Leland Hamilton","Female",30,5,2,"B45918",26470,"PVT-214","Palma"
"WL-PV-21123",3,"1st","Mackenzie Fitzpatrick","Male",38,2,2,"P14828",38567,"CLS-181","Algeris"
"WL-PV-21124",5,"1st","Blaze Weiss","Female",50,1,1,"Y98590",46897,"GEN-225","Badalona"
"WL-PV-21125",6,"3rd","Lennox Solis","Female",37,2,2,"C21588",78295,"PVT-215","Jijel"
"WL-PV-21126",0,"2nd","Ronin Hull","Male",55,5,3,"V54168",63574,"CLS-182","Nice"
"WL-PV-21127",4,"3rd","Andi Espinoza","Male",50,4,1,"K26531",70483,"GEN-226","Annaba"
"WL-PV-21128",2,"2nd","Dallas Vang","Female",45,3,2,"L12601",38053,"PVT-216","Bizerte"
"WL-PV-21129",5,"1st","Madisyn Barnes","Male",46,3,1,"E25462",27187,"CLS-183","Tunis"
"WL-PV-21130",0,"1st","Damian Coleman","Female",47,5,1,"R26499",68059,"GEN-227","Sfax"
"WL-PV-21131",4,"3rd","Julia Guzman","Female",33,4,1,"A65569",61206,"PVT-217","Venice"
"WL-PV-21132",6,"2nd","Jude Phillips","Male",51,3,3,"D25531",44488,"CLS-184","Zliten"
"WL-PV-21133",1,"3rd","Naomi Willis","Male",56,2,3,"B45919",34268,"GEN-228","Palermo"
"WL-PV-21134",4,"2nd","Remington Kennedy","Female",41,1,2,"P14829",26573,"PVT-218","Zawiya"
"WL-PV-21135",1,"1st","Brianna Coleman","Male",57,4,3,"Y98591",72164,"CLS-185","Cherbourg"
"WL-PV-21136",2,"1st","Micah Thomas","Female",33,4,3,"C21589",33241,"GEN-229","Southampton"
"WL-PV-21137",1,"3rd","Elizabeth Bonilla","Female",41,1,3,"V54169",74879,"PVT-219","Manchester"
"WL-PV-21138",5,"2nd","Aden Randall","Male",33,2,1,"K26532",60931,"CLS-186","Paris"
"WL-PV-21139",4,"3rd","Christina Torres","Male",45,3,1,"L12602",28906,"GEN-230","London"
"WL-PV-21140",2,"2nd","Jayden Herrera","Female",58,3,3,"E25463",39520,"PVT-220","Queenstown"
"WL-PV-21141",2,"1st","Ximena Strickland","Male",50,0,2,"R26500",40007,"CLS-187","Naples"
"WL-PV-21142",5,"1st","Keegan Cooper","Female",57,1,3,"A65570",25131,"GEN-231","Pula"
"WL-PV-21143",4,"3rd","Serenity Gardner","Female",50,4,1,"D25532",51388,"PVT-221","Rome"
"WL-PV-21144",2,"2nd","Alan Cantu","Male",45,2,2,"B45920",71760,"CLS-188","Valencia"
"WL-PV-21145",0,"3rd","Galilea McCall","Male",56,4,1,"P14830",76895,"GEN-232","Qran"
"WL-PV-21146",4,"2nd","Kiaan Bentley","Female",31,4,3,"Y98592",50197,"PVT-222","Nador"
"WL-PV-21147",3,"1st","Jaylin Duffy","Male",34,3,1,"C21590",47532,"CLS-189","Malaga"
"WL-PV-21148",2,"1st","Kyng McMillan","Female",44,3,3,"V54170",58199,"GEN-233","Palma"
"WL-PV-21149",6,"3rd","Oakleigh Cross","Female",31,5,3,"K26533",50869,"PVT-223","Algeris"
"WL-PV-21150",6,"2nd","Fabian Howell","Male",50,2,1,"L12603",56765,"CLS-190","Badalona"
"WL-PV-21151",4,"3rd","Mckenna Hebert","Male",30,2,1,"E25464",48304,"GEN-234","Jijel"
"WL-PV-21152",5,"2nd","Guillermo Raymond","Female",31,5,1,"R26501",27242,"PVT-224","Nice"
"WL-PV-21153",6,"1st","Hadlee Macdonald","Male",46,0,3,"A65571",56698,"CLS-191","Annaba"
"WL-PV-21154",0,"1st","Hugh Johns","Female",33,0,1,"D25533",47214,"GEN-235","Bizerte"
"WL-PV-21155",3,"3rd","Giovanna Hester","Female",59,3,2,"B45921",33611,"PVT-225","Tunis"
"WL-PV-21156",3,"2nd","Rene Fisher","Male",44,1,2,"P14831",67107,"CLS-192","Sfax"
"WL-PV-21157",0,"3rd","Arya Aguirre","Male",40,2,1,"Y98593",69194,"GEN-236","Venice"
"WL-PV-21158",2,"2nd","Andy Hebert","Female",47,0,2,"C21591",23140,"PVT-226","Zliten"
"WL-PV-21159",1,"1st","Kyleigh Crosby","Male",50,3,2,"V54171",64873,"CLS-193","Palermo"
"WL-PV-21160",0,"1st","Tristen Knox","Female",48,0,3,"K26534",39011,"GEN-237","Zawiya"
"WL-PV-21161",1,"3rd","Kallie McDonald","Female",43,4,1,"L12604",40764,"PVT-227","Cherbourg"
"WL-PV-21162",3,"2nd","Calvin Brennan","Male",54,5,2,"E25465",49090,"CLS-194","Southampton"
"WL-PV-21163",3,"3rd","Elodie Magana","Male",37,0,3,"R26502",57376,"GEN-238","Manchester"
"WL-PV-21164",1,"2nd","Rey Hartman","Female",44,2,3,"A65572",54713,"PVT-228","Paris"
"WL-PV-21165",0,"1st","Kennedi Waters","Male",53,5,2,"D25534",79656,"CLS-195","London"
"WL-PV-21166",0,"1st","Maximilian Cortez","Female",57,4,3,"B45922",48721,"GEN-239","Queenstown"
"WL-PV-21167",2,"3rd","Haven Hamilton","Female",45,4,1,"P14832",67079,"PVT-229","Naples"
"WL-PV-21168",6,"2nd","Jason Chapman","Male",46,3,2,"Y98594",36795,"CLS-196","Pula"
"WL-PV-21169",4,"3rd","Zuri Calderon","Male",43,1,3,"C21592",39841,"GEN-240","Rome"
"WL-PV-21170",5,"2nd","Oakley Johnson","Female",45,5,1,"V54172",61351,"PVT-230","Valencia"
"WL-PV-21171",0,"1st","Emma Burton","Male",33,0,1,"K26535",45446,"CLS-197","Qran"
"WL-PV-21172",6,"1st","Zander Parker","Female",50,5,3,"L12605",21027,"GEN-241","Nador"
"LD-SX-314254",4,"3rd","Aubrey Santos","Female",49,5,3,"E25466",64691,"PVT-231","Malaga"
"LD-SX-314255",3,"2nd","Walker Austin","Male",35,1,2,"R26503",79709,"CLS-198","Palma"
"LD-SX-314256",3,"3rd","Alivia Thomas","Male",32,3,1,"A65573",40440,"GEN-242","Algeris"
"LD-SX-314257",2,"2nd","Logan Jaramillo","Female",35,2,1,"D25535",37793,"PVT-232","Badalona"
"LD-SX-314258",4,"1st","Guadalupe Newman","Male",47,0,3,"B45923",43322,"CLS-199","Jijel"
"LD-SX-314259",4,"1st","Anderson Lowery","Female",48,2,2,"P14833",68128,"GEN-243","Nice"
"LD-SX-314260",5,"3rd","Estelle Trejo","Female",47,5,3,"Y98595",25628,"PVT-233","Annaba"
"LD-SX-314261",3,"2nd","Wesson Harvey","Male",40,1,2,"C21593",41049,"CLS-200","Bizerte"
"LD-SX-314262",6,"3rd","Nicole Hendricks","Male",36,3,3,"V54173",70104,"GEN-244","Tunis"
"LD-SX-314263",1,"2nd","Dash Nava","Female",33,1,1,"K26536",57781,"PVT-234","Sfax"
"LD-SX-314264",3,"1st","Scout Kane","Male",39,5,3,"L12606",59009,"CLS-201","Venice"
"LD-SX-314265",6,"1st","Brock Parks","Female",47,3,3,"E25467",55248,"GEN-245","Zliten"
"LD-SX-314266",5,"3rd","Ainsley Wall","Female",34,2,2,"R26504",48079,"PVT-235","Palermo"
"LD-SX-314267",4,"2nd","Issac Woodward","Male",33,3,3,"A65574",76155,"CLS-202","Zawiya"
"LD-SX-314268",5,"3rd","Drew Burch","Male",45,0,1,"D25536",76977,"GEN-246","Cherbourg"
"LD-SX-314269",1,"2nd","Gerald Hawkins","Female",44,4,3,"B45924",20282,"PVT-236","Southampton"
"LD-SX-314270",3,"1st","Ariel Morse","Male",37,2,1,"P14834",69447,"CLS-203","Manchester"
"LD-SX-314271",6,"1st","Bode Wolfe","Female",51,3,2,"Y98596",30545,"GEN-247","Paris"
"LD-SX-314272",6,"3rd","Hallie Medrano","Female",46,0,3,"C21594",75321,"PVT-237","London"
"LD-SX-314273",2,"2nd","Arian Duke","Male",55,1,1,"V54174",37772,"CLS-204","Queenstown"
"LD-SX-314274",4,"3rd","Melani Guevara","Male",58,4,3,"K26537",61520,"GEN-248","Naples"
"LD-SX-314275",0,"2nd","Tommy Carroll","Female",35,0,3,"L12607",35499,"PVT-238","Pula"
"LD-SX-314276",2,"1st","Zara English","Male",54,1,3,"E25468",73810,"CLS-205","Rome"
"LD-SX-314277",5,"1st","Junior Hanna","Female",55,4,3,"R26505",46484,"GEN-249","Valencia"
"LD-SX-314278",5,"3rd","Cynthia Macias","Female",33,3,2,"A65575",35880,"PVT-239","Qran"
"LD-SX-314279",0,"2nd","Moshe Wilkins","Male",50,0,2,"D25537",32490,"CLS-206","Nador"
"LD-SX-314280",1,"3rd","Amalia Hogan","Male",46,5,2,"B45925",79508,"GEN-250","Malaga"
"LD-SX-314281",0,"2nd","Sonny Wolf","Female",45,2,1,"P14835",68937,"PVT-240","Palma"
"LD-SX-314282",3,"1st","Jolene Maldonado","Male",47,4,2,"Y98597",55564,"CLS-207","Algeris"
"LD-SX-314283",5,"1st","Javier Rush","Female",45,1,1,"C21595",42421,"GEN-251","Badalona"
"LD-SX-314284",4,"3rd","Maleah Underwood","Female",43,3,3,"V54175",79923,"PVT-241","Jijel"
"LD-SX-314285",1,"2nd","Reece Graves","Male",43,0,3,"K26538",22462,"CLS-208","Nice"
"LD-SX-314286",6,"3rd","Elle Clark","Male",52,4,1,"L12608",32412,"GEN-252","Annaba"
"LD-SX-314287",5,"2nd","John Greene","Female",46,1,2,"E25469",36487,"PVT-242","Bizerte"
"LD-SX-314288",6,"1st","Selena McDaniel","Male",51,2,1,"R26506",78310,"CLS-209","Tunis"
"LD-SX-314289",6,"1st","Major Chung","Female",49,5,1,"A65576",42489,"GEN-253","Sfax"
"LD-SX-314290",6,"3rd","Rivka Moore","Female",35,1,1,"D25538",35834,"PVT-243","Venice"
"LD-SX-314291",6,"2nd","Levi Pearson","Male",41,2,3,"B45926",52041,"CLS-210","Zliten"
"LD-SX-314292",2,"3rd","Kiara Kramer","Male",30,0,2,"P14836",34428,"GEN-254","Palermo"
"LD-SX-314293",4,"2nd","Kylan Lucero","Female",32,1,3,"Y98598",31371,"PVT-244","Zawiya"
"LD-SX-314294",5,"1st","Ila Graham","Male",49,5,1,"C21596",75029,"CLS-211","Cherbourg"
"LD-SX-314295",1,"1st","Giovanni Burns","Female",31,1,1,"V54176",51260,"GEN-255","Southampton"
"LD-SX-314296",1,"3rd","Emerson Lopez","Female",57,4,3,"K26539",67593,"PVT-245","Manchester"
"LD-SX-314297",0,"2nd","Michael George","Male",33,5,2,"L12609",78686,"CLS-212","Paris"
"LD-SX-314298",2,"3rd","Adelyn Garcia","Male",34,0,3,"E25470",64921,"GEN-256","London"
"LD-SX-314299",0,"2nd","James Moyer","Female",35,1,3,"R26507",58395,"PVT-246","Queenstown"
"LD-SX-314300",6,"1st","Zola Melendez","Male",58,3,1,"A65577",43231,"CLS-213","Naples"
"LD-SX-314301",3,"1st","Nikolas Sparks","Female",56,1,2,"D25539",64753,"GEN-257","Pula"
"LD-SX-314302",0,"3rd","Aisha Bauer","Female",53,1,2,"B45927",37714,"PVT-247","Rome"
"LD-SX-314303",5,"2nd","Kieran Wang","Male",59,2,3,"P14837",50194,"CLS-214","Valencia"
"LD-SX-314304",1,"3rd","Kailani Wiggins","Male",40,3,1,"Y98599",39658,"GEN-258","Qran"
"LD-SX-314305",6,"2nd","Azariah Diaz","Female",35,0,3,"C21597",42310,"PVT-248","Nador"
"LD-SX-314306",0,"1st","Elena Frye","Male",31,5,1,"V54177",27227,"CLS-215","Malaga"
"LD-SX-314307",3,"1st","Franco Simon","Female",47,2,3,"K26540",53858,"GEN-259","Palma"
"LD-SX-314308",5,"3rd","Kalani Nguyen","Female",51,5,2,"L12610",40719,"PVT-249","Algeris"
"LD-SX-314309",1,"2nd","Gabriel Johnson","Male",49,0,3,"E25471",30346,"CLS-216","Badalona"
"LD-SX-314310",3,"3rd","Emma Lugo","Male",46,5,2,"R26508",33050,"GEN-260","Jijel"
"LD-SX-314311",6,"2nd","Santos Rhodes","Female",34,4,1,"A65578",34097,"PVT-250","Nice"
"LD-SX-314312",2,"1st","Tatum Cisneros","Male",38,3,3,"D25540",75893,"CLS-217","Annaba"
"LD-SX-314313",2,"1st","Alden Horn","Female",48,5,3,"B45928",32274,"GEN-261","Bizerte"
"LD-SX-314314",5,"3rd","Avah Hunter","Female",56,4,1,"P14838",60141,"PVT-251","Tunis"
"LD-SX-314315",5,"2nd","Archer Whitehead","Male",54,3,1,"Y98600",39918,"CLS-218","Sfax"
"LD-SX-314316",2,"3rd","Sylvie Santiago","Male",59,1,3,"C21598",75590,"GEN-262","Venice"
"LD-SX-314317",4,"2nd","Beckham Gallegos","Female",58,5,3,"V54178",57561,"PVT-252","Zliten"
"LD-SX-314318",2,"1st","Ari Preston","Male",37,4,3,"K26541",73185,"CLS-219","Palermo"
"LD-SX-314319",6,"1st","Vincenzo Hanna","Female",55,0,1,"L12611",67389,"GEN-263","Zawiya"
"LD-SX-314320",1,"3rd","Cynthia Marin","Female",42,3,3,"E25472",55649,"PVT-253","Cherbourg"
"LD-SX-314321",0,"2nd","Aldo Ford","Male",54,4,2,"R26509",52669,"CLS-220","Southampton"
"LD-SX-314322",4,"3rd","Alexandra Clayton","Male",31,3,1,"A65579",29277,"GEN-264","Manchester"
"LD-SX-314323",4,"2nd","Boston Zamora","Female",46,1,1,"D25541",50049,"PVT-254","Paris"
"LD-SX-314324",3,"1st","Sierra Donnell","Male",32,0,1,"B45929",30407,"CLS-221","London"
"LD-SX-314325",5,"1st","Lian Morrison","Female",54,0,1,"P14839",70089,"GEN-265","Queenstown"
"LD-SX-314326",2,"3rd","Rebecca Donaldson","Female",33,5,2,"Y98601",58064,"PVT-255","Naples"
"LD-SX-314327",5,"2nd","Canaan Hansen","Male",59,4,3,"C21599",25235,"CLS-222","Pula"
"LD-SX-314328",6,"3rd","Hope Burton","Male",31,1,3,"V54179",61873,"GEN-266","Rome"
"LD-SX-314329",3,"2nd","Zander Sharp","Female",36,1,1,"K26542",75561,"PVT-256","Valencia"
"LD-SX-314330",3,"1st","Camryn Santiago","Male",45,4,2,"L12612",22528,"CLS-223","Qran"
"LD-SX-314331",4,"1st","Beckham Medina","Female",32,3,2,"E25473",40198,"GEN-267","Nador"
"LD-SX-314332",4,"3rd","Elliana Macias","Female",51,3,3,"R26510",71007,"PVT-257","Malaga"
"LD-SX-314333",0,"2nd","Moshe Russell","Male",35,3,2,"A65580",25149,"CLS-224","Palma"
"LD-SX-314334",1,"3rd","Raelynn Hanna","Male",47,4,2,"D25542",56838,"GEN-268","Algeris"
"LD-SX-314335",6,"2nd","Aydin Cisneros","Female",54,1,2,"B45930",71381,"PVT-258","Badalona"
"LD-SX-314336",4,"1st","Janelle Baker","Male",33,0,3,"P14840",65615,"CLS-225","Jijel"
"LD-SX-314337",0,"1st","Ezra Brewer","Female",51,0,2,"Y98602",43610,"GEN-269","Nice"
"LD-SX-314338",5,"3rd","Thea Vance","Female",32,4,2,"C21600",76918,"PVT-259","Annaba"
"LD-SX-314339",2,"2nd","Casen Conley","Male",30,1,2,"V54180",28266,"CLS-226","Bizerte"
"LD-SX-314340",0,"3rd","Salem Peck","Male",51,4,2,"K26543",63346,"GEN-270","Tunis"
"LD-SX-314341",2,"2nd","Yousef Simpson","Female",35,5,1,"L12613",48715,"PVT-260","Sfax"
"LD-SX-314342",6,"1st","Anastasia Jacobson","Male",46,4,2,"E25474",49835,"CLS-227","Venice"
"LD-SX-314343",6,"1st","Legacy Watkins","Female",54,4,3,"R26511",21165,"GEN-271","Zliten"
"LD-SX-314344",3,"3rd","Lola Bentley","Female",52,1,3,"A65581",32082,"PVT-261","Palermo"
"LD-SX-314345",4,"2nd","Randy Ashley","Male",35,2,1,"D25543",37180,"CLS-228","Zawiya"
"LD-SX-314346",4,"3rd","Khalani Livingston","Male",45,2,2,"B45931",60698,"GEN-272","Cherbourg"
"LD-SX-314347",3,"2nd","Ambrose Rodgers","Female",34,0,3,"P14841",35756,"PVT-262","Southampton"
"LD-SX-314348",6,"1st","Selah Compton","Male",48,4,1,"Y98603",67529,"CLS-229","Manchester"
"LD-SX-314349",4,"1st","Abner Tanner","Female",59,3,1,"C21601",31984,"GEN-273","Paris"
"LD-SX-314350",5,"3rd","Harmoni Miller","Female",58,1,2,"V54181",24981,"PVT-263","London"
"LD-SX-314351",3,"2nd","Benjamin Bravo","Male",41,5,2,"K26544",44578,"CLS-230","Queenstown"
"LD-SX-314352",0,"3rd","Amoura Curtis","Male",33,2,3,"L12614",73204,"GEN-274","Naples"
"LD-SX-314353",3,"2nd","Muhammad Wheeler","Female",32,3,1,"E25475",71132,"PVT-264","Pula"
"LD-SX-314354",3,"1st","Sydney Parsons","Male",46,1,1,"R26512",33637,"CLS-231","Rome"
"LD-SX-314355",6,"1st","Lewis Lugo","Female",31,3,1,"A65582",77761,"GEN-275","Valencia"
"LD-SX-314356",5,"3rd","Kaylie Leblanc","Female",43,5,2,"D25544",76862,"PVT-265","Qran"
"LD-SX-314357",4,"2nd","Braden Pollard","Male",38,2,2,"B45932",72839,"CLS-232","Nador"
"LD-SX-314358",6,"3rd","Marisol Larson","Male",54,2,3,"P14842",23101,"GEN-276","Malaga"
"LD-SX-314359",0,"2nd","Rafael Solomon","Female",46,3,1,"Y98604",25932,"PVT-266","Palma"
"LD-SX-314360",3,"1st","Mylah McKenzie","Male",58,4,3,"C21602",40326,"CLS-233","Algeris"
"LD-SX-314361",4,"1st","Scott Bean","Female",59,5,3,"V54182",44603,"GEN-277","Badalona"
"LD-SX-314362",4,"3rd","Jenesis McBride","Female",54,1,2,"K26545",47553,"PVT-267","Jijel"
"LD-SX-314363",1,"2nd","Denver Ibarra","Male",58,0,3,"L12615",61492,"CLS-234","Nice"
"LD-SX-314364",1,"3rd","Madilynn Gallagher","Male",53,3,1,"E25476",20218,"GEN-278","Annaba"
"LD-SX-314365",4,"2nd","Marcos Munoz","Female",55,2,2,"R26513",22474,"PVT-268","Bizerte"
"LD-SX-314366",2,"1st","Kehlani Dodson","Male",54,4,2,"A65583",63079,"CLS-235","Tunis"
"LD-SX-314367",3,"1st","Seven Cohen","Female",53,2,1,"D25545",51748,"GEN-279","Sfax"
"LD-SX-314368",6,"3rd","Destiny Molina","Female",45,2,3,"B45933",53820,"PVT-269","Venice"
"LD-SX-314369",0,"2nd","Prince Meyer","Male",48,5,2,"P14843",74950,"CLS-236","Zliten"
"LD-SX-314370",1,"3rd","Sara Jordan","Male",40,0,3,"Y98605",60067,"GEN-280","Palermo"
"LD-SX-314371",4,"2nd","Sawyer Conley","Female",37,2,3,"C21603",72019,"PVT-270","Zawiya"
"LD-SX-314372",0,"1st","Salem Horne","Male",54,0,3,"V54183",40415,"CLS-237","Cherbourg"
"LD-SX-314373",1,"1st","Zev Sanford","Female",50,3,1,"K26546",20233,"GEN-281","Southampton"
"LD-SX-314374",1,"3rd","Emerald Cline","Female",51,0,1,"L12616",56928,"PVT-271","Manchester"
"LD-SX-314375",4,"2nd","Cullen Rivera","Male",46,1,2,"E25477",60423,"CLS-238","Paris"
"LD-SX-314376",6,"3rd","Lillian Morse","Male",38,2,3,"R26514",37177,"GEN-282","London"
"LD-SX-314377",4,"2nd","Bode Rubio","Female",42,2,3,"A65584",61715,"PVT-272","Queenstown"
"LD-SX-314378",5,"1st","Hadassah Mack","Male",40,3,2,"D25546",41302,"CLS-239","Naples"
"LD-SX-314379",6,"1st","Esteban Ballard","Female",58,0,3,"B45934",74270,"GEN-283","Pula"
"LD-SX-314380",0,"3rd","Alejandra Hurley","Female",42,0,1,"P14844",29524,"PVT-273","Rome"
"LD-SX-314381",0,"2nd","Van Clayton","Male",55,3,2,"Y98606",38190,"CLS-240","Valencia"
"LD-SX-314382",5,"3rd","Saige Hicks","Male",55,3,2,"C21604",20363,"GEN-284","Qran"
"LD-SX-314383",4,"2nd","Maddox Aguilar","Female",30,2,1,"V54184",52216,"PVT-274","Nador"
"LD-SX-314384",3,"1st","Josie Reyes","Male",36,4,2,"K26547",51777,"CLS-241","Malaga"
"LD-SX-314385",1,"1st","Eli Davidson","Female",50,4,3,"L12617",43538,"GEN-285","Palma"
"LD-SX-314386",2,"3rd","Jayla Harris","Female",38,3,3,"E25478",29826,"PVT-275","Algeris"
"LD-SX-314387",6,"2nd","Samuel Bowen","Male",53,1,1,"R26515",24650,"CLS-242","Badalona"
"LD-SX-314388",1,"3rd","Dream Shelton","Male",30,3,2,"A65585",25805,"GEN-286","Jijel"
"LD-SX-314389",0,"2nd","Leonel Jarvis","Female",37,0,1,"D25547",24928,"PVT-276","Nice"
"LD-SX-314390",1,"1st","Elisabeth Barry","Male",56,1,2,"B45935",38348,"CLS-243","Annaba"
"LD-SX-314391",6,"1st","Emery McCullough","Female",47,3,3,"P14845",29597,"GEN-287","Bizerte"
"LD-SX-314392",3,"3rd","Hana Lambert","Female",43,4,2,"Y98607",43156,"PVT-277","Tunis"
"LD-SX-314393",2,"2nd","Mario Owens","Male",53,0,2,"C21605",20590,"CLS-244","Sfax"
"LD-SX-314394",3,"3rd","Amaya Porter","Male",47,2,1,"V54185",50474,"GEN-288","Venice"
"LD-SX-314395",6,"2nd","Rhett Harvey","Female",46,0,2,"K26548",60904,"PVT-278","Zliten"
"LD-SX-314396",3,"1st","Nicole Rowland","Male",35,5,3,"L12618",77542,"CLS-245","Palermo"
"LD-SX-314397",1,"1st","Eliezer Maddox","Female",34,1,3,"E25479",59257,"GEN-289","Zawiya"
"LD-SX-314398",3,"3rd","Zainab Velazquez","Female",48,3,2,"R26516",30377,"PVT-279","Cherbourg"
"LD-SX-314399",5,"2nd","Drew Little","Male",38,0,2,"A65586",79827,"CLS-246","Southampton"
"LD-SX-314400",3,"3rd","Harley Horton","Male",42,0,2,"D25548",47928,"GEN-290","Manchester"
"LD-SX-314401",5,"2nd","Garrett Brooks","Female",32,0,2,"B45936",45637,"PVT-280","Paris"
"LD-SX-314402",2,"1st","Autumn Murillo","Male",57,4,1,"P14846",25480,"CLS-247","London"
"LD-SX-314403",0,"1st","Lance Wiggins","Female",36,4,2,"Y98608",44331,"GEN-291","Queenstown"
"LD-SX-314404",1,"3rd","Capri Stevens","Female",39,0,2,"C21606",51194,"PVT-281","Naples"
"LD-SX-314405",2,"2nd","Zachary Nash","Male",46,0,3,"V54186",46975,"CLS-248","Pula"
"LD-SX-314406",5,"3rd","Novah Fry","Male",49,4,1,"K26549",59116,"GEN-292","Rome"
"LD-SX-314407",5,"2nd","Jacoby Walker","Female",30,2,2,"L12619",49484,"PVT-282","Valencia"
"LD-SX-314408",3,"1st","Hazel Guzman","Male",49,3,3,"E25480",45080,"CLS-249","Qran"
"LD-SX-314409",5,"1st","Jude Woodard","Female",51,0,2,"R26517",24078,"GEN-293","Nador"
"LD-SX-314410",4,"3rd","Aubrie Gilbert","Female",59,3,1,"A65587",70975,"PVT-283","Malaga"
"LD-SX-314411",2,"2nd","Tobias Hopkins","Male",51,1,1,"D25549",32549,"CLS-250","Palma"
"LD-SX-314412",2,"3rd","Gabriela Flores","Male",38,3,2,"B45937",63200,"GEN-294","Algeris"
"LD-SX-314413",1,"2nd","Lincoln Leblanc","Female",43,4,2,"P14847",29728,"PVT-284","Badalona"
"LD-SX-314414",4,"1st","Novalee Santos","Male",54,3,3,"Y98609",78167,"CLS-251","Jijel"
"LD-SX-314415",3,"1st","Walker Dorsey","Female",37,4,2,"C21607",53859,"GEN-295","Nice"
"LD-SX-314416",3,"3rd","Addyson Kramer","Female",42,4,3,"V54187",67202,"PVT-285","Annaba"
"LD-SX-314417",1,"2nd","Kylan Charles","Male",51,3,2,"K26550",22021,"CLS-252","Bizerte"
"LD-SX-314418",1,"3rd","Jenna Glover","Male",37,2,1,"L12620",44253,"GEN-296","Tunis"
"LD-SX-314419",0,"2nd","Mack Esparza","Female",40,2,3,"E25481",71586,"PVT-286","Sfax"
"LD-SX-314420",6,"1st","Ramona Yu","Male",51,3,3,"R26518",51600,"CLS-253","Venice"
"LD-SX-314421",2,"1st","Bryant Maynard","Female",34,2,2,"A65588",38744,"GEN-297","Zliten"
"LD-SX-314422",4,"3rd","Carolyn Sanders","Female",52,5,3,"D25550",59441,"PVT-287","Palermo"
"LD-SX-314423",6,"2nd","Jose Foster","Male",48,1,2,"B45938",61180,"CLS-254","Zawiya"
"LD-SX-314424",4,"3rd","Brielle Patton","Male",57,1,2,"P14848",23207,"GEN-298","Cherbourg"
"LD-SX-314425",1,"2nd","Moises Bartlett","Female",48,3,3,"Y98610",39913,"PVT-288","Southampton"
"LD-SX-314426",3,"1st","Aubrielle Stanley","Male",56,3,2,"C21608",41082,"CLS-255","Manchester"
"LD-SX-314427",5,"1st","Manuel Vasquez","Female",55,4,3,"V54188",63160,"GEN-299","Paris"
"LD-SX-314428",0,"3rd","Rose Hoover","Female",32,3,3,"K26551",58179,"PVT-289","London"
"LD-SX-314429",5,"2nd","Jaziel Lara","Male",46,3,3,"L12621",26410,"CLS-256","Queenstown"
"LD-SX-314430",6,"3rd","Heidi Blankenship","Male",37,2,3,"E25482",25778,"GEN-300","Naples"
"LD-SX-314431",5,"2nd","Ernesto Howell","Female",55,4,3,"R26519",78235,"PVT-290","Pula"
"LD-SX-314432",3,"1st","Mckenna Villegas","Male",30,2,1,"A65589",44195,"CLS-257","Rome"
"LD-SX-314433",4,"1st","Clyde Duncan","Female",51,3,2,"D25551",34525,"GEN-301","Valencia"
"LD-SX-314434",6,"3rd","Elise Snyder","Female",51,3,2,"B45939",51862,"PVT-291","Qran"
"LD-SX-314435",4,"2nd","Thiago Cordova","Male",48,3,2,"P14849",66205,"CLS-258","Nador"
"LD-SX-314436",6,"3rd","Florence Huynh","Male",58,1,3,"Y98611",26513,"GEN-302","Malaga"
"LD-SX-314437",4,"2nd","Layton Carrillo","Female",53,4,2,"C21609",41911,"PVT-292","Palma"
"LD-SX-314438",2,"1st","Kaylani Sweeney","Male",42,3,1,"V54189",67780,"CLS-259","Algeris"
"LD-SX-314439",2,"1st","Nixon Butler","Female",37,5,1,"K26552",56261,"GEN-303","Badalona"
"LD-SX-314440",1,"3rd","Athena Francis","Female",39,4,1,"L12622",75020,"PVT-293","Jijel"
"LD-SX-314441",5,"2nd","Harvey Wilkerson","Male",59,5,2,"E25483",33219,"CLS-260","Nice"
"LD-SX-314442",3,"3rd","Janiyah Jarvis","Male",44,2,1,"R26520",78194,"GEN-304","Annaba"
"LD-SX-314443",1,"2nd","Marlon Singleton","Female",59,2,3,"A65590",26780,"PVT-294","Bizerte"
"LD-SX-314444",2,"1st","Malaysia Mejia","Male",34,5,2,"D25552",72461,"CLS-261","Tunis"
"LD-SX-314445",3,"1st","Atticus Roach","Female",37,4,3,"B45940",29834,"GEN-305","Sfax"
"LD-SX-314446",6,"3rd","Lyanna Chung","Female",50,5,3,"P14850",64114,"PVT-295","Venice"
"LD-SX-314447",3,"2nd","Ira Briggs","Male",50,0,2,"Y98612",26198,"CLS-262","Zliten"
"LD-SX-314448",5,"3rd","Alia Simon","Male",45,0,1,"C21610",77874,"GEN-306","Palermo"
"LD-SX-314449",6,"2nd","Zayne Gillespie","Female",40,1,2,"V54190",51389,"PVT-296","Zawiya"
"LD-SX-314450",3,"1st","Alianna Holt","Male",35,1,1,"K26553",62908,"CLS-263","Cherbourg"
"LD-SX-314451",3,"1st","Niko Proctor","Female",46,1,2,"L12623",51515,"GEN-307","Southampton"
"LD-SX-314452",5,"3rd","Chandler Elliott","Female",55,1,1,"E25484",78586,"PVT-297","Manchester"
"LD-SX-314453",3,"2nd","Blake Walton","Male",47,3,2,"R26521",34000,"CLS-264","Paris"
"LD-SX-314454",2,"3rd","Scarlet Barron","Male",50,4,3,"A65591",30201,"GEN-308","London"
"LD-SX-314455",5,"2nd","Dustin Montes","Female",41,0,2,"D25553",75605,"PVT-298","Queenstown"
"LD-SX-314456",2,"1st","Roselyn Grimes","Male",54,0,2,"B45941",72094,"CLS-265","Naples"
"LD-SX-314457",0,"1st","Harlan Dalton","Female",45,2,1,"P14851",65599,"GEN-309","Pula"
"LD-SX-314458",3,"3rd","Lilian Thomas","Female",39,4,1,"Y98613",62040,"PVT-299","Rome"
"LD-SX-314459",6,"2nd","Logan West","Male",34,0,3,"C21611",77244,"CLS-266","Valencia"
"LD-SX-314460",5,"3rd","Remi Yoder","Male",30,4,3,"V54191",32109,"GEN-310","Qran"
"LD-SX-314461",3,"2nd","Johan Carey","Female",54,5,2,"K26554",73399,"PVT-300","Nador"
"LD-SX-314462",1,"1st","Alora Suarez","Male",32,2,3,"L12624",77688,"CLS-267","Malaga"
"LD-SX-314463",5,"1st","Soren Faulkner","Female",48,2,3,"E25485",70817,"GEN-311","Palma"
"LD-SX-314464",3,"3rd","Ansley Acosta","Female",53,4,2,"R26522",56170,"PVT-301","Algeris"
"LD-SX-314465",0,"2nd","Jensen Arellano","Male",33,2,2,"A65592",28681,"CLS-268","Badalona"
"LD-SX-314466",2,"3rd","Faye Maddox","Male",43,4,2,"D25554",21102,"GEN-312","Jijel"
"LD-SX-314467",2,"2nd","Lyric Ellis","Female",36,2,2,"B45942",78391,"PVT-302","Nice"
"LD-SX-314468",2,"1st","Ayla Hamilton","Male",45,3,2,"P14852",58952,"CLS-269","Annaba"
"LD-SX-314469",4,"1st","Jason Cole","Female",54,1,1,"Y98614",33823,"GEN-313","Bizerte"
"LD-SX-314470",6,"3rd","Margaret Wilkerson","Female",34,4,2,"C21612",59785,"PVT-303","Tunis"
"LD-SX-314471",3,"2nd","Carmelo Lara","Male",42,0,2,"V54192",60008,"CLS-270","Sfax"
"LD-SX-314472",3,"3rd","Heidi Parrish","Male",36,3,1,"K26555",56377,"GEN-314","Venice"
"LD-SX-314473",2,"2nd","Karsyn McCarthy","Female",58,2,1,"L12625",32676,"PVT-304","Zliten"
"LD-SX-314474",6,"1st","Kira Spears","Male",31,2,2,"E25486",49997,"CLS-271","Palermo"
"LD-SX-314475",0,"1st","Ameer Wilcox","Female",50,2,2,"R26523",69236,"GEN-315","Zawiya"
"LD-SX-314476",3,"3rd","Ashlyn Bullock","Female",59,3,3,"A65593",71114,"PVT-305","Cherbourg"
"LD-SX-314477",0,"2nd","Ben Burke","Male",44,5,2,"D25555",69350,"CLS-272","Southampton"
"LD-SX-314478",2,"3rd","Vera Camacho","Male",34,2,2,"B45943",34841,"GEN-316","Manchester"
"LD-SX-314479",1,"2nd","Tatum Richard","Female",54,5,2,"P14853",71898,"PVT-306","Paris"
"LD-SX-314480",2,"1st","Davina Park","Male",50,5,3,"Y98615",37515,"CLS-273","London"
"LD-SX-314481",4,"1st","Daxton Herrera","Female",42,1,3,"C21613",60178,"GEN-317","Queenstown"
"LD-SX-314482",5,"3rd","Ximena Velazquez","Female",36,5,1,"V54193",46552,"PVT-307","Naples"
"LD-SX-314483",3,"2nd","Drew Bryant","Male",34,3,2,"K26556",52574,"CLS-274","Pula"
"LD-SX-314484",6,"3rd","Parker Russo","Male",36,1,3,"L12626",66299,"GEN-318","Rome"
"LD-SX-314485",4,"2nd","Jamie Carlson","Female",51,1,3,"E25487",60465,"PVT-308","Valencia"
"LD-SX-314486",6,"1st","Kali Underwood","Male",33,3,1,"R26524",61601,"CLS-275","Qran"
"LD-SX-314487",2,"1st","Reece Russo","Female",32,0,1,"A65594",23817,"GEN-319","Nador"
"LD-SX-314488",5,"3rd","Tinsley Sullivan","Female",53,2,3,"D25556",44215,"PVT-309","Malaga"
"LD-SX-314489",2,"2nd","Evan Bush","Male",55,2,3,"B45944",79013,"CLS-276","Palma"
"LD-SX-314490",1,"3rd","Everlee Burns","Male",52,2,2,"P14854",69658,"GEN-320","Algeris"
"LD-SX-314491",2,"2nd","August Murray","Female",39,5,1,"Y98616",55683,"PVT-310","Badalona"
"LD-SX-314492",1,"1st","Faith Mills","Male",46,5,1,"C21614",42018,"CLS-277","Jijel"
"LD-SX-314493",4,"1st","Alex Griffin","Female",56,0,3,"V54194",36818,"GEN-321","Nice"
"LD-SX-314494",1,"3rd","Charlie Floyd","Female",53,5,1,"K26557",38807,"PVT-311","Annaba"
"LD-SX-314495",2,"2nd","Pierce Dejesus","Male",34,4,1,"L12627",25360,"CLS-278","Bizerte"
"LD-SX-314496",0,"3rd","Julissa York","Male",52,2,1,"E25488",75926,"GEN-322","Tunis"
"LD-SX-314497",0,"2nd","Leandro Rose","Female",30,5,2,"R26525",45001,"PVT-312","Sfax"
"FL-QP-587469",4,"1st","Magnolia Salas","Male",48,4,3,"A65595",43143,"CLS-279","Venice"
"FL-QP-587470",6,"1st","Zaiden Rasmussen","Female",56,5,3,"D25557",72059,"GEN-323","Zliten"
"FL-QP-587471",5,"3rd","Esperanza Castro","Female",35,2,2,"B45945",27625,"PVT-313","Palermo"
"FL-QP-587472",5,"2nd","Jasper Duffy","Male",57,3,1,"P14855",60846,"CLS-280","Zawiya"
"FL-QP-587473",5,"3rd","Addisyn Brown","Male",41,2,1,"Y98617",77082,"GEN-324","Cherbourg"
"FL-QP-587474",3,"2nd","Elijah Trejo","Female",48,2,3,"C21615",29739,"PVT-314","Southampton"
"FL-QP-587475",3,"1st","Rosalyn Middleton","Male",47,2,2,"V54195",40090,"CLS-281","Manchester"
"FL-QP-587476",4,"1st","Misael Farley","Female",57,3,3,"K26558",28066,"GEN-325","Paris"
"FL-QP-587477",1,"3rd","Wrenley Macias","Female",35,2,1,"L12628",77594,"PVT-315","London"
"FL-QP-587478",4,"2nd","Moshe Juarez","Male",53,0,2,"E25489",29395,"CLS-282","Queenstown"
"FL-QP-587479",1,"3rd","Juliet Cuevas","Male",51,3,2,"R26526",76451,"GEN-326","Naples"
"FL-QP-587480",6,"2nd","Brecken Cobb","Female",47,3,2,"A65596",46179,"PVT-316","Pula"
"FL-QP-587481",0,"1st","Aviana Blankenship","Male",41,4,2,"D25558",20666,"CLS-283","Rome"
"FL-QP-587482",2,"1st","Ernesto Wood","Female",40,4,3,"B45946",79009,"GEN-327","Valencia"
"FL-QP-587483",4,"3rd","Natalia Smith","Female",35,5,1,"P14856",62935,"PVT-317","Qran"
"FL-QP-587484",1,"2nd","Liam Caldwell","Male",35,4,2,"Y98618",38335,"CLS-284","Nador"
"FL-QP-587485",1,"3rd","Evelynn Spencer","Male",56,3,2,"C21616",72106,"GEN-328","Malaga"
"FL-QP-587486",3,"2nd","Ace Powell","Female",34,0,3,"V54196",50156,"PVT-318","Palma"
"FL-QP-587487",4,"1st","Vivian Molina","Male",43,5,2,"K26559",70707,"CLS-285","Algeris"
"FL-QP-587488",6,"1st","Prince Thornton","Female",44,5,2,"L12629",69055,"GEN-329","Badalona"
"FL-QP-587489",3,"3rd","Haisley Bridges","Female",50,0,2,"E25490",56846,"PVT-319","Jijel"
"FL-QP-587490",3,"2nd","Mohammed Santos","Male",35,1,3,"R26527",49766,"CLS-286","Nice"
"FL-QP-587491",3,"3rd","Alana Phelps","Male",49,5,3,"A65597",62166,"GEN-330","Annaba"
"FL-QP-587492",5,"2nd","Hamza Wolfe","Female",36,0,1,"D25559",61406,"PVT-320","Bizerte"
"FL-QP-587493",0,"1st","Hallie McClure","Male",43,4,3,"B45947",36499,"CLS-287","Tunis"
"FL-QP-587494",3,"1st","Reese Galindo","Female",32,4,1,"P14857",44963,"GEN-331","Sfax"
"FL-QP-587495",2,"3rd","Corinne McIntyre","Female",57,0,2,"Y98619",39890,"PVT-321","Venice"
"FL-QP-587496",3,"2nd","Eliseo McPherson","Male",33,4,2,"C21617",63396,"CLS-288","Zliten"
"FL-QP-587497",0,"3rd","Emmaline Strong","Male",31,5,3,"V54197",23527,"GEN-332","Palermo"
"FL-QP-587498",0,"2nd","Axl Rodriguez","Female",44,4,1,"K26560",20161,"PVT-322","Zawiya"
"FL-QP-587499",2,"1st","Evelyn Stevens","Male",44,4,1,"L12630",56716,"CLS-289","Cherbourg"
"FL-QP-587500",2,"1st","Zachary Aguirre","Female",42,0,2,"E25491",20900,"GEN-333","Southampton"
"FL-QP-587501",4,"3rd","Ariah Herman","Female",36,2,2,"R26528",41980,"PVT-323","Manchester"
"FL-QP-587502",0,"2nd","Juelz Solis","Male",45,4,2,"A65598",57296,"CLS-290","Paris"
"FL-QP-587503",5,"3rd","Miracle Joseph","Male",33,1,3,"D25560",68469,"GEN-334","London"
"FL-QP-587504",6,"2nd","Kyle McDowell","Female",41,0,2,"B45948",31074,"PVT-324","Queenstown"
"FL-QP-587505",5,"1st","Rayna Blanchard","Male",42,3,1,"P14858",50483,"CLS-291","Naples"
"FL-QP-587506",5,"1st","Adler Huerta","Female",48,4,2,"Y98620",30035,"GEN-335","Pula"
"FL-QP-587507",5,"3rd","Dulce Hull","Female",57,2,1,"C21618",76168,"PVT-325","Rome"
"FL-QP-587508",2,"2nd","Salem McGuire","Male",38,4,3,"V54198",20126,"CLS-292","Valencia"
"FL-QP-587509",2,"3rd","April Olsen","Male",31,5,2,"K26561",59276,"GEN-336","Qran"
"FL-QP-587510",0,"2nd","Skyler Jarvis","Female",33,1,1,"L12631",20752,"PVT-326","Nador"
"FL-QP-587511",1,"1st","Elisabeth Benson","Male",54,1,3,"E25492",26532,"CLS-293","Malaga"
"FL-QP-587512",6,"1st","Desmond Hughes","Female",44,1,1,"R26529",73191,"GEN-337","Palma"
"FL-QP-587513",0,"3rd","Samantha Carpenter","Female",48,1,1,"A65599",50752,"PVT-327","Algeris"
"FL-QP-587514",3,"2nd","Jeremy McCormick","Male",32,2,3,"D25561",39915,"CLS-294","Badalona"
"FL-QP-587515",2,"3rd","Macie Cervantes","Male",34,5,2,"B45949",35986,"GEN-338","Jijel"
"FL-QP-587516",4,"2nd","Kamari Bond","Female",32,2,2,"P14859",79919,"PVT-328","Nice"
"FL-QP-587517",2,"1st","Alena Waters","Male",56,2,3,"Y98621",48336,"CLS-295","Annaba"
"KP-ER-454875",1,"1st","Maximilian Silva","Female",33,4,1,"C21619",41159,"GEN-339","Bizerte"
"KP-ER-454876",0,"3rd","Lucia Anthony","Female",58,4,1,"V54199",72790,"PVT-329","Tunis"
"KP-ER-454877",3,"2nd","Shiloh Mullen","Male",46,1,2,"K26562",22320,"CLS-296","Sfax"
"KP-ER-454878",5,"3rd","Shay Bowers","Male",38,0,3,"L12632",76658,"GEN-340","Venice"
"KP-ER-454879",1,"2nd","Dorian Chan","Female",44,4,1,"E25493",60443,"PVT-330","Zliten"
"KP-ER-454880",3,"1st","Hattie Cuevas","Male",42,0,2,"R26530",45419,"CLS-297","Palermo"
"KP-ER-454881",1,"1st","Brecken Ortega","Female",53,0,2,"A65600",63164,"GEN-341","Zawiya"
"KP-ER-454882",5,"3rd","Lilah Schmitt","Female",35,1,2,"D25562",54736,"PVT-331","Cherbourg"
"KP-ER-454883",5,"2nd","Murphy Shelton","Male",48,0,1,"B45950",33100,"CLS-298","Southampton"
"KP-ER-454884",1,"3rd","Makenzie Dougherty","Male",47,3,1,"P14860",26508,"GEN-342","Manchester"
"KP-ER-454885",3,"2nd","Brett Ho","Female",34,5,1,"Y98622",53982,"PVT-332","Paris"
"KP-ER-454886",5,"1st","Calliope Briggs","Male",45,4,2,"C21620",61660,"CLS-299","London"
"KP-ER-454887",2,"1st","Case Salas","Female",35,3,1,"V54200",77189,"GEN-343","Queenstown"
"KP-ER-454888",3,"3rd","Amber Joseph","Female",41,3,3,"K26563",77095,"PVT-333","Naples"
"KP-ER-454889",0,"2nd","Kyle Roberson","Male",47,3,2,"L12633",22459,"CLS-300","Pula"
"KP-ER-454890",2,"3rd","Sasha Beltran","Male",56,4,3,"E25494",76548,"GEN-344","Rome"
"KP-ER-454891",0,"2nd","Ricky Ward","Female",48,2,3,"R26531",78389,"PVT-334","Valencia"
"KP-ER-454892",6,"1st","Ariana Lee","Male",41,2,1,"A65601",65161,"CLS-301","Qran"
"KP-ER-454893",6,"1st","Jack Roth","Female",45,5,2,"D25563",20492,"GEN-345","Nador"
"KP-ER-454894",1,"3rd","Elliot Bailey","Female",48,2,2,"B45951",33942,"PVT-335","Malaga"
"KP-ER-454895",6,"2nd","Axel Phillips","Male",38,4,3,"P14861",58282,"CLS-302","Palma"
"KP-ER-454896",2,"3rd","Naomi Holt","Male",49,1,1,"Y98623",73957,"GEN-346","Algeris"
"KP-ER-454897",3,"2nd","Niko Magana","Female",57,1,2,"C21621",60085,"PVT-336","Badalona"
"KP-ER-454898",6,"1st","Amaris Jenkins","Male",33,5,1,"V54201",66156,"CLS-303","Jijel"
"KP-ER-454899",5,"1st","Declan Sutton","Female",50,0,2,"K26564",24142,"GEN-347","Nice"
"KP-ER-454900",0,"3rd","Izabella Madden","Female",51,3,3,"L12634",56796,"PVT-337","Annaba"
"KP-ER-454901",6,"2nd","Everest Roach","Male",31,1,3,"E25495",37395,"CLS-304","Bizerte"
"KP-ER-454902",5,"3rd","Lyanna Molina","Male",42,3,2,"R26532",39918,"GEN-348","Tunis"
"KP-ER-454903",3,"2nd","Prince Good","Female",41,4,3,"A65602",25072,"PVT-338","Sfax"
"KP-ER-454904",2,"1st","Nathalia Wagner","Male",31,2,1,"D25564",22156,"CLS-305","Venice"
"KP-ER-454905",0,"1st","Enzo Cochran","Female",58,4,2,"B45952",28618,"GEN-349","Zliten"
"KP-ER-454906",0,"3rd","Alma Hood","Female",32,0,2,"P14862",41609,"PVT-339","Palermo"
"KP-ER-454907",1,"2nd","Brixton Adams","Male",44,1,3,"Y98624",55948,"CLS-306","Zawiya"
"KP-ER-454908",2,"3rd","Stella Mann","Male",33,5,2,"C21622",43288,"GEN-350","Cherbourg"
"KP-ER-454909",4,"2nd","Nehemiah Copeland","Female",41,5,1,"V54202",78954,"PVT-340","Southampton"
"KP-ER-454910",2,"1st","Dayana Jimenez","Male",59,4,1,"K26565",42938,"CLS-307","Manchester"
"KP-ER-454911",0,"1st","Silas Baxter","Female",54,2,3,"L12635",69342,"GEN-351","Paris"
"KP-ER-454912",4,"3rd","Lara Small","Female",36,1,3,"E25496",39262,"PVT-341","London"
"KP-ER-454913",4,"2nd","Rudy Kent","Male",57,5,3,"R26533",36655,"CLS-308","Queenstown"
"KP-ER-454914",6,"3rd","Jazmine Bonilla","Male",31,3,1,"A65603",78514,"GEN-352","Naples"
"KP-ER-454915",1,"2nd","Aden Kim","Female",59,2,2,"D25565",20227,"PVT-342","Pula"
"KP-ER-454916",0,"1st","Gabriella Bond","Male",35,3,1,"B45953",20148,"CLS-309","Rome"
"KP-ER-454917",4,"1st","Roger Booth","Female",55,4,1,"P14863",44239,"GEN-353","Valencia"
"KP-ER-454918",0,"3rd","Zariyah Miller","Female",34,1,3,"Y98625",50593,"PVT-343","Qran"
"KP-ER-454919",3,"2nd","Benjamin Avalos","Male",33,2,3,"C21623",50848,"CLS-310","Nador"
"KP-ER-454920",1,"3rd","Paloma Vasquez","Male",45,4,2,"V54203",45766,"GEN-354","Malaga"
"KP-ER-454921",5,"2nd","Rowan Villarreal","Female",33,5,3,"K26566",49122,"PVT-344","Palma"
"KP-ER-454922",5,"1st","Jazlyn Acosta","Male",37,5,1,"L12636",47184,"CLS-311","Algeris"
"KP-ER-454923",2,"1st","Jensen McDaniel","Female",48,0,3,"E25497",28961,"GEN-355","Badalona"
"KP-ER-454924",6,"3rd","Dahlia Berry","Female",47,4,2,"R26534",59142,"PVT-345","Jijel"
"KP-ER-454925",2,"2nd","Adonis Grant","Male",53,3,3,"A65604",45754,"CLS-312","Nice"
"KP-ER-454926",5,"3rd","Alaina Sherman","Male",45,4,1,"D25566",21607,"GEN-356","Annaba"
"KP-ER-454927",4,"2nd","Adan Hutchinson","Female",54,4,1,"B45954",63534,"PVT-346","Bizerte"
"KP-ER-454928",5,"1st","Jamie Weeks","Male",54,5,3,"P14864",66805,"CLS-313","Tunis"
"KP-ER-454929",5,"1st","Anders Melton","Female",55,0,3,"Y98626",42226,"GEN-357","Sfax"
"KP-ER-454930",5,"3rd","Kamiyah Acevedo","Female",31,0,1,"C21624",64065,"PVT-347","Venice"
"KP-ER-454931",0,"2nd","Dakari Bridges","Male",34,3,2,"V54204",57508,"CLS-314","Zliten"
"KP-ER-454932",6,"3rd","Elora Nichols","Male",49,1,2,"K26567",45514,"GEN-358","Palermo"
"KP-ER-454933",0,"2nd","Atlas Clements","Female",52,0,3,"L12637",31799,"PVT-348","Zawiya"
"KP-ER-454934",5,"1st","Cara Mayer","Male",59,5,1,"E25498",67836,"CLS-315","Cherbourg"
"KP-ER-454935",4,"1st","Yahir Stephenson","Female",31,3,2,"R26535",56084,"GEN-359","Southampton"
"KP-ER-454936",6,"3rd","Khaleesi Lindsey","Female",59,0,1,"A65605",37873,"PVT-349","Manchester"
"KP-ER-454937",0,"2nd","Jayson Sexton","Male",44,5,2,"D25567",42897,"CLS-316","Paris"
"KP-ER-454938",6,"3rd","Ellen Ramos","Male",46,3,3,"B45955",36783,"GEN-360","London"
"KP-ER-454939",0,"2nd","Angel Strickland","Female",34,2,3,"P14865",40624,"PVT-350","Queenstown"
"KP-ER-454940",0,"1st","Nia Pittman","Male",37,3,2,"Y98627",73007,"CLS-317","Naples"
"KP-ER-454941",2,"1st","Valentino Vazquez","Female",36,0,2,"C21625",34198,"GEN-361","Pula"
"KP-ER-454942",6,"3rd","Journee Hunter","Female",56,2,1,"V54205",49477,"PVT-351","Rome"
"KP-ER-454943",5,"2nd","Archer Galindo","Male",39,5,2,"K26568",71041,"CLS-318","Valencia"
"KP-ER-454944",6,"3rd","Corinne Raymond","Male",41,1,2,"L12638",72998,"GEN-362","Qran"
"KP-ER-454945",2,"2nd","Maurice Jacobs","Female",35,2,1,"E25499",64193,"PVT-352","Nador"
"KP-ER-454946",6,"1st","Camilla Howe","Male",35,3,1,"R26536",29819,"CLS-319","Malaga"
"KP-ER-454947",0,"1st","Alaric Bonilla","Female",59,1,1,"A65606",50054,"GEN-363","Palma"
"KP-ER-454948",4,"3rd","Romina McFarland","Female",58,3,2,"D25568",71087,"PVT-353","Algeris"
"KP-ER-454949",2,"2nd","Dane Delarosa","Male",55,5,3,"B45956",50017,"CLS-320","Badalona"
"KP-ER-454950",1,"3rd","Iyla Greene","Male",35,1,3,"P14866",69438,"GEN-364","Jijel"
"KP-ER-454951",5,"2nd","Griffin Moyer","Female",55,3,1,"Y98628",53237,"PVT-354","Nice"
"KP-ER-454952",5,"1st","Zola Schaefer","Male",52,3,1,"C21626",53936,"CLS-321","Annaba"
"KP-ER-454953",6,"1st","Ishaan Ibarra","Female",32,5,3,"V54206",27741,"GEN-365","Bizerte"
"KP-ER-454954",4,"3rd","Madilynn Zavala","Female",30,5,3,"K26569",31305,"PVT-355","Tunis"
"KP-ER-454955",2,"2nd","Dillon Moody","Male",39,5,3,"L12639",33190,"CLS-322","Sfax"
"KP-ER-454956",0,"3rd","Elaine Gutierrez","Male",44,5,1,"E25500",42306,"GEN-366","Venice"
"KP-ER-454957",5,"2nd","Luca Sparks","Female",39,5,1,"R26537",51288,"PVT-356","Zliten"
"KP-ER-454958",5,"1st","Aisha Callahan","Male",44,3,2,"A65607",23622,"CLS-323","Palermo"
"KP-ER-454959",2,"1st","Quinton Velazquez","Female",46,5,1,"D25569",78350,"GEN-367","Zawiya"
"KP-ER-454960",5,"3rd","Jaliyah Howell","Female",50,0,3,"B45957",25683,"PVT-357","Cherbourg"
"KP-ER-454961",2,"2nd","Bradley Huang","Male",30,5,3,"P14867",32932,"CLS-324","Southampton"
"KP-ER-454962",2,"3rd","Francesca Kramer","Male",57,0,3,"Y98629",23771,"GEN-368","Manchester"
"KP-ER-454963",1,"2nd","Kylan Mathis","Female",50,4,3,"C21627",22219,"PVT-358","Paris"
"KP-ER-454964",0,"1st","Anne Conner","Male",31,1,1,"V54207",46975,"CLS-325","London"
"KP-ER-454965",2,"1st","Phillip Wilcox","Female",52,3,2,"K26570",52874,"GEN-369","Queenstown"
"KP-ER-454966",4,"3rd","Ashlyn Bridges","Female",43,3,2,"L12640",51597,"PVT-359","Naples"
"KP-ER-454967",2,"2nd","Mohammed Weaver","Male",57,4,1,"E25501",55293,"CLS-326","Pula"
"KP-ER-454968",3,"3rd","Teagan Sosa","Male",46,1,1,"R26538",23127,"GEN-370","Rome"
"KP-ER-454969",6,"2nd","Emir Page","Female",44,0,2,"A65608",24778,"PVT-360","Valencia"
"KP-ER-454970",1,"1st","Cataleya Caldwell","Male",35,4,2,"D25570",41648,"CLS-327","Qran"
"KP-ER-454971",3,"1st","Rylan Fields","Female",52,1,2,"B45958",22541,"GEN-371","Nador"
"KP-ER-454972",1,"3rd","Annie Chung","Female",49,1,3,"P14868",75808,"PVT-361","Malaga"
"KP-ER-454973",0,"2nd","Ira Jenkins","Male",36,1,2,"Y98630",70963,"CLS-328","Palma"
"KP-ER-454974",1,"3rd","Rylee Carr","Male",44,5,1,"C21628",24751,"GEN-372","Algeris"
"KP-ER-454975",2,"2nd","Kash Turner","Female",31,5,3,"V54208",30324,"PVT-362","Badalona"
"KP-ER-454976",4,"1st","Brooklyn Sullivan","Male",39,4,2,"K26571",53508,"CLS-329","Jijel"
"KP-ER-454977",2,"1st","Evan McMillan","Female",59,0,3,"L12641",24107,"GEN-373","Nice"
"KP-ER-454978",5,"3rd","Oakleigh Rodgers","Female",47,0,3,"E25502",21001,"PVT-363","Annaba"
"KP-ER-454979",0,"2nd","Mathias Black","Male",36,1,3,"R26539",39492,"CLS-330","Bizerte"
"KP-ER-454980",6,"3rd","Molly Costa","Male",53,1,3,"A65609",46914,"GEN-374","Tunis"
"KP-ER-454981",3,"2nd","Kenji Molina","Female",54,3,1,"D25571",43710,"PVT-364","Sfax"
"KP-ER-454982",1,"1st","Alexandria Collier","Male",56,5,2,"B45959",67439,"CLS-331","Venice"
"KP-ER-454983",5,"1st","Edison Reynolds","Female",52,4,1,"P14869",63569,"GEN-375","Zliten"
"KP-ER-454984",1,"3rd","Isabelle Chase","Female",45,0,1,"Y98631",25211,"PVT-365","Palermo"
"KP-ER-454985",6,"2nd","Otis Frye","Male",45,4,1,"C21629",40206,"CLS-332","Zawiya"
"KP-ER-454986",4,"3rd","Raya Kennedy","Male",37,5,1,"V54209",76302,"GEN-376","Cherbourg"
"KP-ER-454987",3,"2nd","Maxwell Bradshaw","Female",34,1,3,"K26572",30925,"PVT-366","Southampton"
"KP-ER-454988",4,"1st","Berkley Bautista","Male",48,4,2,"L12642",72488,"CLS-333","Manchester"
"KP-ER-454989",6,"1st","Raul Trejo","Female",53,3,2,"E25503",20881,"GEN-377","Paris"
"KP-ER-454990",6,"3rd","Rosalyn Mercado","Female",44,1,1,"R26540",59968,"PVT-367","London"
"KP-ER-454991",5,"2nd","Abram Kent","Male",39,1,1,"A65610",45408,"CLS-334","Queenstown"
"KP-ER-454992",5,"3rd","Jazmine Andersen","Male",33,4,2,"D25572",66586,"GEN-378","Naples"
"KP-ER-454993",2,"2nd","Alistair Massey","Female",51,0,3,"B45960",49534,"PVT-368","Pula"
"KP-ER-454994",4,"1st","Clementine Velazquez","Male",56,0,1,"P14870",63453,"CLS-335","Rome"
"KP-ER-454995",4,"1st","Drew Bradshaw","Female",39,5,3,"Y98632",43468,"GEN-379","Valencia"
"KP-ER-454996",5,"3rd","Berkley Bonilla","Female",58,4,2,"C21630",63111,"PVT-369","Qran"
"KP-ER-454997",3,"2nd","Aden Leal","Male",52,2,2,"V54210",79158,"CLS-336","Nador"
"KP-ER-454998",1,"3rd","Murphy Reid","Male",57,4,1,"K26573",38309,"GEN-380","Malaga"
"KP-ER-454999",6,"2nd","Josue Anderson","Female",53,5,1,"L12643",21819,"PVT-370","Palma"
"KP-ER-455000",3,"1st","Ella Wong","Male",44,0,2,"E25504",44898,"CLS-337","Algeris"
"KP-ER-455001",6,"1st","Walter Hall","Female",53,1,3,"R26541",63891,"GEN-381","Badalona"
"KP-ER-455002",2,"3rd","Leah Sellers","Female",38,2,1,"A65611",53926,"PVT-371","Jijel"
"KP-ER-455003",4,"2nd","Madden Galvan","Male",37,1,1,"D25573",65170,"CLS-338","Nice"
"KP-ER-455004",3,"3rd","Dallas Fitzgerald","Male",38,5,3,"B45961",65363,"GEN-382","Annaba"
"KP-ER-455005",3,"2nd","Peyton Carpenter","Female",52,2,1,"P14871",50251,"PVT-372","Bizerte"
"KP-ER-455006",6,"1st","Lilly Saunders","Male",48,1,2,"Y98633",55813,"CLS-339","Tunis"
"KP-ER-455007",1,"1st","Kasen Barajas","Female",36,3,2,"C21631",78462,"GEN-383","Sfax"
"KP-ER-455008",5,"3rd","Keilani Patton","Female",49,3,1,"V54211",67877,"PVT-373","Venice"
"KP-ER-455009",0,"2nd","Moises Drake","Male",37,3,3,"K26574",63374,"CLS-340","Zliten"
"KP-ER-455010",6,"3rd","Jayleen Cox","Male",45,4,1,"L12644",53392,"GEN-384","Palermo"
"KP-ER-455011",6,"2nd","Connor Simmons","Female",32,5,2,"E25505",65584,"PVT-374","Zawiya"
"KP-ER-455012",5,"1st","Reagan Sanchez","Male",58,0,3,"R26542",43484,"CLS-341","Cherbourg"
"KP-ER-455013",1,"1st","Joseph Preston","Female",32,1,2,"A65612",39871,"GEN-385","Southampton"
"KP-ER-455014",3,"3rd","Indie Galvan","Female",42,1,3,"D25574",45369,"PVT-375","Manchester"
"KP-ER-455015",1,"2nd","Kingsley Greene","Male",53,3,2,"B45962",52941,"CLS-342","Paris"
"KP-ER-455016",6,"3rd","Selena Donaldson","Male",59,5,3,"P14872",25627,"GEN-386","London"
"KP-ER-455017",2,"2nd","Canaan Clarke","Female",52,2,1,"Y98634",51829,"PVT-376","Queenstown"
"KP-ER-455018",4,"1st","Kaitlyn Truong","Male",48,3,1,"C21632",47107,"CLS-343","Naples"
"KP-ER-455019",0,"1st","Ayan Payne","Female",39,3,2,"V54212",34583,"GEN-387","Pula"
"KP-ER-455020",6,"3rd","London Ramirez","Female",49,3,1,"K26575",64657,"PVT-377","Rome"
"KP-ER-455021",5,"2nd","David Newman","Male",32,5,3,"L12645",56382,"CLS-344","Valencia"
"KP-ER-455022",5,"3rd","Oaklynn Wright","Male",57,1,2,"E25506",47402,"GEN-388","Qran"
"KP-ER-455023",0,"2nd","Grayson Terrell","Female",30,1,3,"R26543",69308,"PVT-378","Nador"
"KP-ER-455024",1,"1st","Paityn Roth","Male",34,2,2,"A65613",58969,"CLS-345","Malaga"
"KP-ER-455025",0,"1st","Roy Alvarado","Female",50,4,3,"D25575",27616,"GEN-389","Palma"
"KP-ER-455026",6,"3rd","Blake Gaines","Female",31,1,3,"B45963",45944,"PVT-379","Algeris"
"KP-ER-455027",2,"2nd","Talon Owen","Male",39,1,1,"P14873",41497,"CLS-346","Badalona"
"KP-ER-455028",0,"3rd","Mikayla Randall","Male",56,5,3,"Y98635",47661,"GEN-390","Jijel"
"KP-ER-455029",2,"2nd","Trenton Rollins","Female",46,3,1,"C21633",36191,"PVT-380","Nice"
"KP-ER-455030",5,"1st","Araceli Walker","Male",51,4,2,"V54213",30477,"CLS-347","Annaba"
"KP-ER-455031",3,"1st","Luke Walter","Female",37,2,3,"K26576",21213,"GEN-391","Bizerte"
"KP-ER-455032",1,"3rd","Penny McCann","Female",53,2,2,"L12646",62872,"PVT-381","Tunis"
"KP-ER-455033",3,"2nd","Heath Friedman","Male",30,0,3,"E25507",20893,"CLS-348","Sfax"
"KP-ER-455034",5,"3rd","Aspyn Boyd","Male",56,5,3,"R26544",54077,"GEN-392","Venice"
"KP-ER-455035",1,"2nd","Dean Vang","Female",49,1,2,"A65614",44293,"PVT-382","Zliten"
"KP-ER-455036",5,"1st","Madisyn Huffman","Male",49,2,1,"D25576",24158,"CLS-349","Palermo"
"KP-ER-455037",4,"1st","Chris McClure","Female",43,0,2,"B45964",29345,"GEN-393","Zawiya"
"KP-ER-455038",5,"3rd","Estella Hanson","Female",41,3,3,"P14874",60556,"PVT-383","Cherbourg"
"KP-ER-455039",6,"2nd","Khalil Wade","Male",48,5,2,"Y98636",43651,"CLS-350","Southampton"
"KP-ER-455040",3,"3rd","Evie Hayden","Male",37,0,1,"C21634",39727,"GEN-394","Manchester"
"KP-ER-455041",3,"2nd","Leroy Douglas","Female",48,0,2,"V54214",36646,"PVT-384","Paris"
"KP-ER-455042",3,"1st","Aniyah Hoover","Male",30,5,3,"K26577",48523,"CLS-351","London"
"KP-ER-455043",4,"1st","Jaziel Elliott","Female",31,5,1,"L12647",40215,"GEN-395","Queenstown"
"KP-ER-455044",6,"3rd","Noelle Savage","Female",30,1,2,"E25508",34726,"PVT-385","Naples"
"KP-ER-455045",2,"2nd","Keaton Maddox","Male",58,4,3,"R26545",26414,"CLS-352","Pula"
"KP-ER-455046",1,"3rd","Zainab Castaneda","Male",41,4,1,"A65615",66080,"GEN-396","Rome"
"KP-ER-455047",0,"2nd","Collin Bowen","Female",57,3,2,"D25577",32059,"PVT-386","Valencia"
"KP-ER-455048",0,"1st","Dream Nash","Male",31,2,3,"B45965",21676,"CLS-353","Qran"
"KP-ER-455049",0,"1st","Chandler Delgado","Female",45,2,3,"P14875",69197,"GEN-397","Nador"
"KP-ER-455050",6,"3rd","Josiah Le","Female",50,1,2,"Y98637",79739,"PVT-387","Malaga"
"KP-ER-455051",4,"2nd","Myla Schmidt","Male",41,3,2,"C21635",77035,"CLS-354","Palma"
"KP-ER-455052",6,"3rd","Zayden Torres","Male",56,2,2,"V54215",61458,"GEN-398","Algeris"
"KP-ER-455053",1,"2nd","Violet Potts","Female",58,4,3,"K26578",67154,"PVT-388","Badalona"
"KP-ER-455054",4,"1st","Alfred Caldwell","Male",55,3,3,"L12648",59619,"CLS-355","Jijel"
"KP-ER-455055",2,"1st","Evelynn Weeks","Female",49,4,2,"E25509",46407,"GEN-399","Nice"
"KP-ER-455056",5,"3rd","Anders Kim","Female",49,1,1,"R26546",47649,"PVT-389","Annaba"
"KP-ER-455057",5,"2nd","Gabriella Finley","Male",34,0,1,"A65616",43773,"CLS-356","Bizerte"
"KP-ER-455058",2,"3rd","Calum Lamb","Male",56,5,1,"D25578",79086,"GEN-400","Tunis"
"KP-ER-455059",0,"2nd","Amaia Conrad","Female",48,2,1,"B45966",43209,"PVT-390","Sfax"
"KP-ER-455060",4,"1st","Dilan Bowers","Male",35,0,3,"P14876",63000,"CLS-357","Venice"
"KP-ER-455061",6,"1st","Elisa Erickson","Female",50,1,3,"Y98638",70453,"GEN-401","Zliten"
"KP-ER-455062",6,"3rd","Johnny Porter","Female",44,0,3,"C21636",65026,"PVT-391","Palermo"
"KP-ER-455063",6,"2nd","Ryleigh Brewer","Male",51,3,2,"V54216",72121,"CLS-358","Zawiya"
"KP-ER-455064",0,"3rd","Cruz Kaur","Male",56,3,2,"K26579",76983,"GEN-402","Cherbourg"
"KP-ER-455065",3,"2nd","Holland Nguyen","Female",52,0,3,"L12649",61962,"PVT-392","Southampton"
"KP-ER-455066",3,"1st","Gabriel Simpson","Male",31,5,3,"E25510",20933,"CLS-359","Manchester"
"KP-ER-455067",6,"1st","Anastasia Russo","Female",35,4,3,"R26547",20628,"GEN-403","Paris"
"KP-ER-455068",2,"3rd","Jamie Lane","Female",47,3,3,"A65617",38489,"PVT-393","London"
"KP-ER-455069",5,"2nd","Amy Cano","Male",37,4,3,"D25579",62730,"CLS-360","Queenstown"
"KP-ER-455070",3,"3rd","Terry Morton","Male",48,2,3,"B45967",29438,"GEN-404","Naples"
"KP-ER-455071",2,"2nd","Mallory Logan","Female",42,1,2,"P14877",53472,"PVT-394","Pula"
"KP-ER-455072",5,"1st","Rocco Lynch","Male",50,3,3,"Y98639",31644,"CLS-361","Rome"
"KP-ER-455073",5,"1st","Malia Chang","Female",34,5,1,"C21637",78102,"GEN-405","Valencia"
"KP-ER-455074",6,"3rd","Ari Cohen","Female",35,5,1,"V54217",43391,"PVT-395","Qran"
"KP-ER-455075",4,"2nd","Destiny Jarvis","Male",40,1,3,"K26580",32821,"CLS-362","Nador"
"KP-ER-455076",0,"3rd","Marlon McMahon","Male",53,1,1,"L12650",51498,"GEN-406","Malaga"
"KP-ER-455077",3,"2nd","Belen Robbins","Female",47,4,2,"E25511",41496,"PVT-396","Palma"
"KP-ER-455078",4,"1st","Finnegan Peters","Male",38,0,3,"R26548",79163,"CLS-363","Algeris"
"KP-ER-455079",6,"1st","Leila Kline","Female",34,3,1,"A65618",53671,"GEN-407","Badalona"
"KP-ER-455080",3,"3rd","Ramon Meyers","Female",37,5,3,"D25580",57540,"PVT-397","Jijel"
"KP-ER-455081",5,"2nd","Leyla Curry","Male",41,2,1,"B45968",42886,"CLS-364","Nice"
"KP-ER-455082",2,"3rd","Briggs Avalos","Male",49,5,3,"P14878",22822,"GEN-408","Annaba"
"KP-ER-455083",1,"2nd","Paloma Merritt","Female",44,3,3,"Y98640",34502,"PVT-398","Bizerte"
"KP-ER-455084",1,"1st","Colten Greene","Male",39,3,1,"C21638",30950,"CLS-365","Tunis"
"KP-ER-455085",0,"1st","Selena Goodman","Female",39,0,1,"V54218",53486,"GEN-409","Sfax"
"KP-ER-455086",2,"3rd","Philip Avery","Female",56,1,2,"K26581",45098,"PVT-399","Venice"
"KP-ER-455087",5,"2nd","Meghan Bishop","Male",53,4,3,"L12651",29115,"CLS-366","Zliten"
"KP-ER-455088",1,"3rd","Paxton Lawrence","Male",43,4,3,"E25512",71791,"GEN-410","Palermo"
"KP-ER-455089",5,"2nd","Lauren Hoffman","Female",46,2,1,"R26549",58369,"PVT-400","Zawiya"
"KP-ER-455090",4,"1st","Steven Cross","Male",45,1,2,"A65619",36273,"CLS-367","Cherbourg"
"KP-ER-455091",1,"1st","Mack Esparza","Female",32,4,2,"D25581",78797,"GEN-411","Southampton"
"KP-ER-455092",0,"3rd","Ramona Yu","Female",47,4,1,"B45969",54674,"PVT-401","Manchester"
"KP-ER-455093",0,"2nd","Bryant Maynard","Male",49,0,2,"P14879",69023,"CLS-368","Paris"
"KP-ER-455094",5,"3rd","Carolyn Sanders","Male",41,5,2,"Y98641",62844,"GEN-412","London"
"KP-ER-455095",0,"2nd","Jose Foster","Female",34,3,3,"C21639",75873,"PVT-402","Queenstown"
"KP-ER-455096",3,"1st","Brielle Patton","Male",32,2,1,"V54219",64429,"CLS-369","Naples"
"KP-ER-455097",5,"1st","Moises Bartlett","Female",47,2,3,"K26582",26723,"GEN-413","Pula"
"KP-ER-455098",0,"3rd","Aubrielle Stanley","Female",45,1,3,"L12652",70891,"PVT-403","Rome"
"KP-ER-455099",4,"2nd","Manuel Vasquez","Male",58,1,1,"E25513",42188,"CLS-370","Valencia"
"KP-ER-455100",2,"3rd","Rose Hoover","Male",33,4,3,"R26550",36832,"GEN-414","Qran"
"KP-ER-455101",2,"2nd","Jaziel Lara","Female",36,4,2,"A65620",58975,"PVT-404","Nador"
"KP-ER-455102",5,"1st","Heidi Blankenship","Male",33,2,1,"D25582",30928,"CLS-371","Malaga"
"KP-ER-455103",6,"1st","Ernesto Howell","Female",51,3,3,"B45970",74439,"GEN-415","Palma"
"KP-ER-455104",2,"3rd","Mckenna Villegas","Female",55,2,2,"P14880",42388,"PVT-405","Algeris"
"KP-ER-455105",5,"2nd","Clyde Duncan","Male",31,2,3,"Y98642",39535,"CLS-372","Badalona"
"KP-ER-455106",1,"3rd","Elise Snyder","Male",52,5,3,"C21640",78082,"GEN-416","Jijel"
"KP-ER-455107",1,"2nd","Thiago Cordova","Female",44,5,1,"V54220",51139,"PVT-406","Nice"
"KP-ER-455108",4,"1st","Florence Huynh","Male",39,1,2,"K26583",20053,"CLS-373","Annaba"
"KP-ER-455109",0,"1st","Layton Carrillo","Female",58,0,3,"L12653",61731,"GEN-417","Bizerte"
"KP-ER-455110",4,"3rd","Kaylani Sweeney","Female",54,5,2,"E25514",28101,"PVT-407","Tunis"
"KP-ER-455111",4,"2nd","Nixon Butler","Male",36,3,2,"R26551",35730,"CLS-374","Sfax"
"KP-ER-455112",6,"3rd","Athena Francis","Male",44,2,3,"A65621",76834,"GEN-418","Venice"
"KP-ER-455113",4,"2nd","Harvey Wilkerson","Female",55,3,3,"D25583",21198,"PVT-408","Zliten"
"KP-ER-455114",6,"1st","Janiyah Jarvis","Male",57,2,1,"B45971",24223,"CLS-375","Palermo"
"KP-ER-455115",0,"1st","Marlon Singleton","Female",47,5,2,"P14881",22161,"GEN-419","Zawiya"
"KP-ER-455116",5,"3rd","Malaysia Mejia","Female",42,5,3,"Y98643",62448,"PVT-409","Cherbourg"
"KP-ER-455117",5,"2nd","Atticus Roach","Male",41,4,1,"C21641",50908,"CLS-376","Southampton"
"KP-ER-455118",5,"3rd","Lyanna Chung","Male",34,5,3,"V54221",76792,"GEN-420","Manchester"
"TL-QO-784587",2,"2nd","Ira Briggs","Female",59,0,2,"K26584",42509,"PVT-410","Paris"
"TL-QO-784588",0,"1st","Alia Simon","Male",36,0,1,"L12654",40478,"CLS-377","London"
"TL-QO-784589",4,"1st","Zayne Gillespie","Female",32,0,2,"E25515",74941,"GEN-421","Queenstown"
"TL-QO-784590",0,"3rd","Alianna Holt","Female",34,3,1,"R26552",35631,"PVT-411","Naples"
"TL-QO-784591",2,"2nd","Niko Proctor","Male",50,4,3,"A65622",27454,"CLS-378","Pula"
"TL-QO-784592",3,"3rd","Chandler Elliott","Male",31,4,2,"D25584",71836,"GEN-422","Rome"
"TL-QO-784593",4,"2nd","Blake Walton","Female",45,3,1,"B45972",73832,"PVT-412","Valencia"
"TL-QO-784594",6,"1st","Scarlet Barron","Male",34,5,1,"P14882",31857,"CLS-379","Qran"
"TL-QO-784595",6,"1st","Dustin Montes","Female",52,5,3,"Y98644",61947,"GEN-423","Nador"
"TL-QO-784596",4,"3rd","Roselyn Grimes","Female",54,0,1,"C21642",24061,"PVT-413","Malaga"
"TL-QO-784597",4,"2nd","Harlan Dalton","Male",33,5,2,"V54222",33488,"CLS-380","Palma"
"TL-QO-784598",6,"3rd","Lilian Thomas","Male",54,0,1,"K26585",20187,"GEN-424","Algeris"
"TL-QO-784599",6,"2nd","Logan West","Female",56,5,1,"L12655",20653,"PVT-414","Badalona"
"TL-QO-784600",2,"1st","Remi Yoder","Male",47,2,3,"E25516",32916,"CLS-381","Jijel"
"TL-QO-784601",1,"1st","Johan Carey","Female",31,3,1,"R26553",38862,"GEN-425","Nice"
"TL-QO-784602",0,"3rd","Alora Suarez","Female",48,1,1,"A65623",56120,"PVT-415","Annaba"
"TL-QO-784603",5,"2nd","Soren Faulkner","Male",33,5,1,"D25585",47787,"CLS-382","Bizerte"
"TL-QO-784604",2,"3rd","Ansley Acosta","Male",32,2,2,"B45973",29462,"GEN-426","Tunis"
"TL-QO-784605",0,"2nd","Jensen Arellano","Female",30,5,3,"P14883",66199,"PVT-416","Sfax"
"TL-QO-784606",1,"1st","Faye Maddox","Male",31,2,3,"Y98645",22882,"CLS-383","Venice"
"TL-QO-784607",1,"1st","Lyric Ellis","Female",44,2,2,"C21643",65926,"GEN-427","Zliten"
"TL-QO-784608",6,"3rd","Ayla Hamilton","Female",46,2,2,"V54223",27232,"PVT-417","Palermo"
"TL-QO-784609",6,"2nd","Jason Cole","Male",39,2,1,"K26586",29270,"CLS-384","Zawiya"
"TL-QO-784610",6,"3rd","Margaret Wilkerson","Male",34,1,1,"L12656",62849,"GEN-428","Cherbourg"
"TL-QO-784611",1,"2nd","Carmelo Lara","Female",32,2,2,"E25517",54280,"PVT-418","Southampton"
"TL-QO-784612",0,"1st","Heidi Parrish","Male",43,3,1,"R26554",36865,"CLS-385","Manchester"
"TL-QO-784613",4,"1st","Karsyn McCarthy","Female",40,0,2,"A65624",70556,"GEN-429","Paris"
"TL-QO-784614",6,"3rd","Kira Spears","Female",49,3,3,"D25586",31186,"PVT-419","London"
"TL-QO-784615",3,"2nd","Ameer Wilcox","Male",46,2,1,"B45974",73325,"CLS-386","Queenstown"
